date,daily (in)
8/19/1987,0
8/20/1987,0.4
8/21/1987,0
8/22/1987,0.2
8/23/1987,0
8/24/1987,0
8/25/1987,0
8/26/1987,0
8/27/1987,0
8/28/1987,0
8/29/1987,0.08
8/30/1987,0
8/31/1987,0
9/1/1987,0.71
9/2/1987,0
9/3/1987,0
9/4/1987,0
9/5/1987,0.16
9/6/1987,0.27
9/7/1987,0.88
9/8/1987,0.83
9/9/1987,0.16
9/10/1987,0.13
9/11/1987,0.02
9/12/1987,0.19
9/13/1987,1.34
9/14/1987,0.02
9/15/1987,0
9/16/1987,0
9/17/1987,0
9/18/1987,0
9/19/1987,0
9/20/1987,0.51
9/21/1987,0.55
9/22/1987,0
9/23/1987,0
9/24/1987,0
9/25/1987,0
9/26/1987,0
9/27/1987,0
9/28/1987,0
9/29/1987,0
9/30/1987,0.3
10/1/1987,0.3
10/2/1987,0
10/3/1987,0
10/4/1987,0.05
10/5/1987,0
10/6/1987,0
10/7/1987,0.85
10/8/1987,0
10/9/1987,0
10/10/1987,0
10/11/1987,0
10/12/1987,0
10/13/1987,0
10/14/1987,0
10/15/1987,0
10/16/1987,0
10/17/1987,0
10/18/1987,0
10/19/1987,0
10/20/1987,0
10/21/1987,0
10/22/1987,0
10/23/1987,0
10/24/1987,0
10/25/1987,0
10/26/1987,0
10/27/1987,0.33
10/28/1987,0.68
10/29/1987,0
10/30/1987,0.01
10/31/1987,0
11/1/1987,0
11/2/1987,0
11/3/1987,0
11/4/1987,0
11/5/1987,0
11/6/1987,0
11/7/1987,0
11/8/1987,0
11/9/1987,0
11/10/1987,0
11/11/1987,0.58
11/12/1987,0.14
11/13/1987,0
11/14/1987,0
11/15/1987,0
11/16/1987,0
11/17/1987,0
11/18/1987,0.25
11/19/1987,0
11/20/1987,0
11/21/1987,0
11/22/1987,0
11/23/1987,0
11/24/1987,0
11/25/1987,0
11/26/1987,0
11/27/1987,0.7
11/28/1987,0.27
11/29/1987,0.71
11/30/1987,0.1
12/1/1987,0
12/2/1987,0
12/3/1987,0
12/4/1987,0.02
12/5/1987,0
12/6/1987,0
12/7/1987,0
12/8/1987,0
12/9/1987,0
12/10/1987,0
12/11/1987,0.24
12/12/1987,0
12/13/1987,0
12/14/1987,0
12/15/1987,0.8
12/16/1987,0.13
12/17/1987,0
12/18/1987,0
12/19/1987,0
12/20/1987,0
12/21/1987,0
12/22/1987,0.69
12/23/1987,0.03
12/24/1987,0
12/25/1987,0.06
12/26/1987,0.01
12/27/1987,0.33
12/28/1987,0.77
12/29/1987,0.32
12/30/1987,0
12/31/1987,0
1/1/1988,0.01
1/2/1988,0.49
1/3/1988,0
1/4/1988,1.05
1/5/1988,0
1/6/1988,0
1/7/1988,0
1/8/1988,0.91
1/9/1988,0
1/10/1988,0
1/11/1988,0
1/12/1988,0
1/13/1988,0
1/14/1988,0
1/15/1988,0
1/16/1988,0
1/17/1988,0
1/18/1988,0.35
1/19/1988,0.02
1/20/1988,0.28
1/21/1988,0.16
1/22/1988,0
1/23/1988,0
1/24/1988,0
1/25/1988,0
1/26/1988,0.5
1/27/1988,0
1/28/1988,0
1/29/1988,0
1/30/1988,0
1/31/1988,0
2/1/1988,0.02
2/2/1988,0
2/3/1988,0.4
2/4/1988,0.46
2/5/1988,0.35
2/6/1988,0
2/7/1988,0
2/8/1988,0
2/9/1988,0
2/10/1988,0
2/11/1988,0
2/12/1988,0.75
2/13/1988,0.21
2/14/1988,0
2/15/1988,0
2/16/1988,0.07
2/17/1988,0
2/18/1988,0
2/19/1988,0
2/20/1988,0.21
2/21/1988,0
2/22/1988,0
2/23/1988,0
2/24/1988,0.03
2/25/1988,0
2/26/1988,0
2/27/1988,0
2/28/1988,0
2/29/1988,0
3/1/1988,0
3/2/1988,0
3/3/1988,0
3/4/1988,0
3/5/1988,0.07
3/6/1988,0
3/7/1988,0
3/8/1988,0
3/9/1988,0
3/10/1988,0.36
3/11/1988,0.16
3/12/1988,0
3/13/1988,0.06
3/14/1988,0.04
3/15/1988,0
3/16/1988,0
3/17/1988,0
3/18/1988,0
3/19/1988,0.3
3/20/1988,0.01
3/21/1988,0
3/22/1988,0
3/23/1988,0
3/24/1988,0
3/25/1988,0
3/26/1988,0.09
3/27/1988,0.51
3/28/1988,0
3/29/1988,0
3/30/1988,0
3/31/1988,0
4/1/1988,0
4/2/1988,0
4/3/1988,0
4/4/1988,0.03
4/5/1988,0.13
4/6/1988,0
4/7/1988,0.37
4/8/1988,0.29
4/9/1988,0
4/10/1988,0
4/11/1988,0
4/12/1988,0
4/13/1988,0.75
4/14/1988,0.03
4/15/1988,0
4/16/1988,0.04
4/17/1988,0
4/18/1988,0
4/19/1988,1.03
4/20/1988,0.52
4/21/1988,0
4/22/1988,0
4/23/1988,0
4/24/1988,0.02
4/25/1988,0
4/26/1988,0
4/27/1988,0
4/28/1988,0.3
4/29/1988,0
4/30/1988,0
5/1/1988,0
5/2/1988,0
5/3/1988,0
5/4/1988,0
5/5/1988,0.5
5/6/1988,0.07
5/7/1988,0.06
5/8/1988,0
5/9/1988,0
5/10/1988,0.07
5/11/1988,0.09
5/12/1988,0
5/13/1988,0
5/14/1988,0
5/15/1988,0
5/16/1988,0
5/17/1988,0.38
5/18/1988,0.19
5/19/1988,0.09
5/20/1988,0.13
5/21/1988,0
5/22/1988,0
5/23/1988,0
5/24/1988,0.06
5/25/1988,0.12
5/26/1988,0.42
5/27/1988,0
5/28/1988,0
5/29/1988,0
5/30/1988,0
5/31/1988,0
6/1/1988,0
6/2/1988,0
6/3/1988,0.4
6/4/1988,0.2
6/5/1988,0
6/6/1988,0
6/7/1988,0
6/8/1988,0
6/9/1988,0
6/10/1988,0.7
6/11/1988,0
6/12/1988,0
6/13/1988,0
6/14/1988,0
6/15/1988,0
6/16/1988,0
6/17/1988,0
6/18/1988,0.3
6/19/1988,0
6/20/1988,0
6/21/1988,0.67
6/22/1988,0
6/23/1988,0
6/24/1988,0.02
6/25/1988,0
6/26/1988,0
6/27/1988,0.52
6/28/1988,0
6/29/1988,0
6/30/1988,0.02
7/1/1988,0.01
7/2/1988,0
7/3/1988,0
7/4/1988,0
7/5/1988,0
7/6/1988,0
7/7/1988,0
7/8/1988,0
7/9/1988,0
7/10/1988,0
7/11/1988,0.02
7/12/1988,0
7/13/1988,0.46
7/14/1988,0.08
7/15/1988,0
7/16/1988,0
7/17/1988,0
7/18/1988,0
7/19/1988,0
7/20/1988,0.36
7/21/1988,0
7/22/1988,0.97
7/23/1988,0.14
7/24/1988,0.26
7/25/1988,0
7/26/1988,0
7/27/1988,0.1
7/28/1988,0.11
7/29/1988,0
7/30/1988,0
7/31/1988,0.81
8/1/1988,0
8/2/1988,0
8/3/1988,0
8/4/1988,0.37
8/5/1988,0.02
8/6/1988,0
8/7/1988,0.01
8/8/1988,0.01
8/9/1988,0
8/10/1988,0
8/11/1988,0.08
8/12/1988,0
8/13/1988,0
8/14/1988,0
8/15/1988,0.02
8/16/1988,0
8/17/1988,0
8/18/1988,0
8/19/1988,0
8/20/1988,0
8/21/1988,0.31
8/22/1988,0.01
8/23/1988,0
8/24/1988,0.34
8/25/1988,0.15
8/26/1988,0
8/27/1988,0
8/28/1988,0
8/29/1988,0.45
8/30/1988,0.07
8/31/1988,0.02
9/1/1988,0
9/2/1988,0
9/3/1988,0
9/4/1988,0.25
9/5/1988,1.24
9/6/1988,0
9/7/1988,0
9/8/1988,0
9/9/1988,0.03
9/10/1988,1.01
9/11/1988,0
9/12/1988,0
9/13/1988,0
9/14/1988,0
9/15/1988,0.64
9/16/1988,0
9/17/1988,0
9/18/1988,0.64
9/19/1988,0
9/20/1988,0.34
9/21/1988,0
9/22/1988,0
9/23/1988,0
9/24/1988,0
9/25/1988,1.11
9/26/1988,0
9/27/1988,0
9/28/1988,0
9/29/1988,0
9/30/1988,0
10/1/1988,0
10/2/1988,0
10/3/1988,0.05
10/4/1988,1.6
10/5/1988,0.01
10/6/1988,0
10/7/1988,0
10/8/1988,0
10/9/1988,0
10/10/1988,0
10/11/1988,0
10/12/1988,0
10/13/1988,0
10/14/1988,0
10/15/1988,0
10/16/1988,0
10/17/1988,0
10/18/1988,0
10/19/1988,0.75
10/20/1988,0.1
10/21/1988,0
10/22/1988,1.17
10/23/1988,0
10/24/1988,0
10/25/1988,0.03
10/26/1988,0
10/27/1988,0
10/28/1988,0.16
10/29/1988,0.32
10/30/1988,0
10/31/1988,0
11/1/1988,2.22
11/2/1988,0.02
11/3/1988,0
11/4/1988,0
11/5/1988,0.02
11/6/1988,0.25
11/7/1988,0
11/8/1988,0
11/9/1988,0
11/10/1988,0
11/11/1988,0
11/12/1988,0
11/13/1988,0
11/14/1988,0
11/15/1988,0
11/16/1988,0
11/17/1988,0.28
11/18/1988,0.15
11/19/1988,0.08
11/20/1988,0.06
11/21/1988,0
11/22/1988,0
11/23/1988,0
11/24/1988,0.04
11/25/1988,0
11/26/1988,0
11/27/1988,0
11/28/1988,1.56
11/29/1988,0.12
11/30/1988,0
12/1/1988,0
12/2/1988,0
12/3/1988,0
12/4/1988,0
12/5/1988,0
12/6/1988,0
12/7/1988,0
12/8/1988,0
12/9/1988,0.03
12/10/1988,0.3
12/11/1988,0
12/12/1988,0
12/13/1988,0
12/14/1988,0
12/15/1988,0
12/16/1988,0
12/17/1988,0.02
12/18/1988,0
12/19/1988,0
12/20/1988,0
12/21/1988,0
12/22/1988,0.03
12/23/1988,0
12/24/1988,0
12/25/1988,0
12/26/1988,0
12/27/1988,0
12/28/1988,0
12/29/1988,0
12/30/1988,0
12/31/1988,0.45
1/1/1989,0.62
1/2/1989,0.02
1/3/1989,0
1/4/1989,0.04
1/5/1989,0
1/6/1989,0.01
1/7/1989,0.11
1/8/1989,0.01
1/9/1989,0.07
1/10/1989,0.32
1/11/1989,0.02
1/12/1989,0.35
1/13/1989,0.22
1/14/1989,0.01
1/15/1989,0.04
1/16/1989,0.02
1/17/1989,0
1/18/1989,0
1/19/1989,0
1/20/1989,0
1/21/1989,0
1/22/1989,0
1/23/1989,0
1/24/1989,0
1/25/1989,0
1/26/1989,0
1/27/1989,0
1/28/1989,0
1/29/1989,0
1/30/1989,0
1/31/1989,0
2/1/1989,0
2/2/1989,0
2/3/1989,0
2/4/1989,0.02
2/5/1989,0.01
2/6/1989,0.73
2/7/1989,0.06
2/8/1989,0.19
2/9/1989,0
2/10/1989,0
2/11/1989,0
2/12/1989,0
2/13/1989,0
2/14/1989,0
2/15/1989,0
2/16/1989,0
2/17/1989,0.12
2/18/1989,1.58
2/19/1989,0.46
2/20/1989,0
2/21/1989,0.38
2/22/1989,0.83
2/23/1989,0.02
2/24/1989,0.17
2/25/1989,0.2
2/26/1989,0
2/27/1989,0
2/28/1989,1.41
3/1/1989,0.17
3/2/1989,0
3/3/1989,0.24
3/4/1989,0.69
3/5/1989,0.05
3/6/1989,0.01
3/7/1989,0.74
3/8/1989,0.05
3/9/1989,0.42
3/10/1989,0.01
3/11/1989,0
3/12/1989,0
3/13/1989,0
3/14/1989,0.37
3/15/1989,0.01
3/16/1989,0.09
3/17/1989,0
3/18/1989,0
3/19/1989,0.25
3/20/1989,0
3/21/1989,0.24
3/22/1989,0.27
3/23/1989,0.3
3/24/1989,1.99
3/25/1989,0.01
3/26/1989,0
3/27/1989,0
3/28/1989,0
3/29/1989,0
3/30/1989,0
3/31/1989,0.54
4/1/1989,0.01
4/2/1989,0
4/3/1989,0
4/4/1989,0
4/5/1989,0
4/6/1989,1.3
4/7/1989,0.31
4/8/1989,0.49
4/9/1989,0.26
4/10/1989,0
4/11/1989,0.18
4/12/1989,0
4/13/1989,0
4/14/1989,0
4/15/1989,0.28
4/16/1989,0.7
4/17/1989,0
4/18/1989,0
4/19/1989,0
4/20/1989,0.11
4/21/1989,0
4/22/1989,0
4/23/1989,0
4/24/1989,0
4/25/1989,0
4/26/1989,1.62
4/27/1989,0
4/28/1989,0.23
4/29/1989,0.11
4/30/1989,1.38
5/1/1989,1.19
5/2/1989,1.54
5/3/1989,0
5/4/1989,0
5/5/1989,0.22
5/6/1989,0.77
5/7/1989,0.2
5/8/1989,0.04
5/9/1989,0
5/10/1989,0.76
5/11/1989,0
5/12/1989,0
5/13/1989,0
5/14/1989,0
5/15/1989,0.02
5/16/1989,0.56
5/17/1989,0
5/18/1989,0
5/19/1989,0
5/20/1989,0
5/21/1989,0.01
5/22/1989,0
5/23/1989,0
5/24/1989,0.16
5/25/1989,0
5/26/1989,0
5/27/1989,0
5/28/1989,0
5/29/1989,0
5/30/1989,0
5/31/1989,0
6/1/1989,0
6/2/1989,0
6/3/1989,0
6/4/1989,0
6/5/1989,1.18
6/6/1989,0.75
6/7/1989,0.12
6/8/1989,0
6/9/1989,0.54
6/10/1989,0.01
6/11/1989,0
6/12/1989,0
6/13/1989,0.92
6/14/1989,0
6/15/1989,0
6/16/1989,0.56
6/17/1989,0.73
6/18/1989,0.17
6/19/1989,0
6/20/1989,0
6/21/1989,0.89
6/22/1989,0.9
6/23/1989,0
6/24/1989,1.07
6/25/1989,0.07
6/26/1989,0
6/27/1989,0
6/28/1989,0
6/29/1989,0.31
6/30/1989,0
7/1/1989,0
7/2/1989,0
7/3/1989,0
7/4/1989,0
7/5/1989,0.07
7/6/1989,0.2
7/7/1989,0.03
7/8/1989,0.09
7/9/1989,0
7/10/1989,0
7/11/1989,0
7/12/1989,0
7/13/1989,0
7/14/1989,0.72
7/15/1989,0
7/16/1989,0.73
7/17/1989,1.43
7/18/1989,0.4
7/19/1989,0
7/20/1989,0.01
7/21/1989,0.02
7/22/1989,0
7/23/1989,0
7/24/1989,0
7/25/1989,0.04
7/26/1989,0
7/27/1989,0.19
7/28/1989,0
7/29/1989,0
7/30/1989,0
7/31/1989,0.06
8/1/1989,1.35
8/2/1989,0
8/3/1989,0.05
8/4/1989,0
8/5/1989,0
8/6/1989,0.39
8/7/1989,0
8/8/1989,0.01
8/9/1989,0
8/10/1989,0.22
8/11/1989,0.19
8/12/1989,0.01
8/13/1989,0
8/14/1989,0
8/15/1989,1.25
8/16/1989,0
8/17/1989,0.76
8/18/1989,1.62
8/19/1989,0.05
8/20/1989,0
8/21/1989,0
8/22/1989,0
8/23/1989,0
8/24/1989,0
8/25/1989,0.12
8/26/1989,0
8/27/1989,0
8/28/1989,0
8/29/1989,0
8/30/1989,0
8/31/1989,0
9/1/1989,0
9/2/1989,0
9/3/1989,0
9/4/1989,0
9/5/1989,0.03
9/6/1989,0.1
9/7/1989,0
9/8/1989,0
9/9/1989,0
9/10/1989,0
9/11/1989,0
9/12/1989,0
9/13/1989,1.15
9/14/1989,0
9/15/1989,0
9/16/1989,0.28
9/17/1989,0.39
9/18/1989,0
9/19/1989,0
9/20/1989,0.17
9/21/1989,0.25
9/22/1989,0.31
9/23/1989,0.01
9/24/1989,0.2
9/25/1989,0
9/26/1989,0.95
9/27/1989,0.11
9/28/1989,0
9/29/1989,0
9/30/1989,0.05
10/1/1989,0.55
10/2/1989,1.27
10/3/1989,0.07
10/4/1989,0
10/5/1989,0
10/6/1989,0
10/7/1989,0
10/8/1989,0.01
10/9/1989,0
10/10/1989,0
10/11/1989,0
10/12/1989,0
10/13/1989,0
10/14/1989,0
10/15/1989,0
10/16/1989,0
10/17/1989,0
10/18/1989,0.09
10/19/1989,1.91
10/20/1989,0.11
10/21/1989,0
10/22/1989,0
10/23/1989,0
10/24/1989,0
10/25/1989,0
10/26/1989,0
10/27/1989,0
10/28/1989,0
10/29/1989,0
10/30/1989,0
10/31/1989,0.01
11/1/1989,0
11/2/1989,0
11/3/1989,1.24
11/4/1989,0
11/5/1989,0
11/6/1989,0
11/7/1989,0.01
11/8/1989,0.13
11/9/1989,0.17
11/10/1989,0.01
11/11/1989,0
11/12/1989,0
11/13/1989,0
11/14/1989,0
11/15/1989,0.26
11/16/1989,0.63
11/17/1989,0.01
11/18/1989,0
11/19/1989,0
11/20/1989,0
11/21/1989,0
11/22/1989,0
11/23/1989,1.22
11/24/1989,0
11/25/1989,0
11/26/1989,0
11/27/1989,0
11/28/1989,0
11/29/1989,0
11/30/1989,0
12/1/1989,0
12/2/1989,0
12/3/1989,0
12/4/1989,0
12/5/1989,0
12/6/1989,0
12/7/1989,0
12/8/1989,0.71
12/9/1989,0.82
12/10/1989,1.05
12/11/1989,0
12/12/1989,0.06
12/13/1989,0.61
12/14/1989,0.02
12/15/1989,0
12/16/1989,0
12/17/1989,0
12/18/1989,0
12/19/1989,0
12/20/1989,0.27
12/21/1989,0
12/22/1989,0
12/23/1989,0
12/24/1989,0
12/25/1989,0
12/26/1989,0
12/27/1989,0
12/28/1989,0
12/29/1989,0
12/30/1989,0.02
12/31/1989,0.03
1/1/1990,0.48
1/2/1990,0
1/3/1990,0
1/4/1990,0
1/5/1990,0
1/6/1990,0.33
1/7/1990,0.06
1/8/1990,0.41
1/9/1990,0.31
1/10/1990,0.04
1/11/1990,0
1/12/1990,0
1/13/1990,0
1/14/1990,0
1/15/1990,0
1/16/1990,0
1/17/1990,0
1/18/1990,0
1/19/1990,0
1/20/1990,0
1/21/1990,1.23
1/22/1990,0
1/23/1990,0
1/24/1990,0
1/25/1990,0.08
1/26/1990,1.06
1/27/1990,0
1/28/1990,0
1/29/1990,0
1/30/1990,0.29
1/31/1990,0
2/1/1990,0
2/2/1990,0
2/3/1990,0
2/4/1990,0.02
2/5/1990,0.02
2/6/1990,0
2/7/1990,0.12
2/8/1990,0
2/9/1990,0
2/10/1990,0.99
2/11/1990,0.25
2/12/1990,0.01
2/13/1990,0
2/14/1990,0
2/15/1990,0
2/16/1990,0
2/17/1990,0.73
2/18/1990,0
2/19/1990,0.63
2/20/1990,0.01
2/21/1990,0
2/22/1990,0
2/23/1990,0.32
2/24/1990,0.21
2/25/1990,0
2/26/1990,0
2/27/1990,0
2/28/1990,0
3/1/1990,0
3/2/1990,0
3/3/1990,0.58
3/4/1990,0.09
3/5/1990,0
3/6/1990,0
3/7/1990,0
3/8/1990,0
3/9/1990,0.09
3/10/1990,0.01
3/11/1990,0
3/12/1990,0
3/13/1990,0
3/14/1990,0
3/15/1990,0
3/16/1990,0
3/17/1990,0.04
3/18/1990,1.3
3/19/1990,0
3/20/1990,0.03
3/21/1990,0
3/22/1990,0
3/23/1990,0
3/24/1990,0
3/25/1990,0
3/26/1990,0
3/27/1990,0
3/28/1990,0
3/29/1990,1.76
3/30/1990,1.55
3/31/1990,0.65
4/1/1990,0.02
4/2/1990,0
4/3/1990,0.95
4/4/1990,0
4/5/1990,0
4/6/1990,0
4/7/1990,0.76
4/8/1990,0
4/9/1990,0
4/10/1990,0
4/11/1990,0.03
4/12/1990,0
4/13/1990,0
4/14/1990,0
4/15/1990,0.34
4/16/1990,0.09
4/17/1990,0.01
4/18/1990,0.18
4/19/1990,0
4/20/1990,0
4/21/1990,0
4/22/1990,0.07
4/23/1990,0
4/24/1990,0
4/25/1990,0
4/26/1990,0
4/27/1990,0
4/28/1990,0
4/29/1990,0.1
4/30/1990,0.59
5/1/1990,0.04
5/2/1990,1.21
5/3/1990,0.31
5/4/1990,0.13
5/5/1990,0.39
5/6/1990,0.4
5/7/1990,0
5/8/1990,0
5/9/1990,0
5/10/1990,0.56
5/11/1990,0.67
5/12/1990,0
5/13/1990,0
5/14/1990,0.73
5/15/1990,0
5/16/1990,0
5/17/1990,0
5/18/1990,0
5/19/1990,0
5/20/1990,0
5/21/1990,0
5/22/1990,0.3
5/23/1990,0.49
5/24/1990,0
5/25/1990,0
5/26/1990,0.02
5/27/1990,0.67
5/28/1990,0.14
5/29/1990,1.75
5/30/1990,0.01
5/31/1990,0
6/1/1990,0
6/2/1990,0
6/3/1990,0
6/4/1990,0.18
6/5/1990,0.22
6/6/1990,0
6/7/1990,0
6/8/1990,0
6/9/1990,0
6/10/1990,0
6/11/1990,0
6/12/1990,0
6/13/1990,0
6/14/1990,0
6/15/1990,0
6/16/1990,0.2
6/17/1990,0
6/18/1990,0
6/19/1990,0.04
6/20/1990,0
6/21/1990,0
6/22/1990,0
6/23/1990,1.14
6/24/1990,0.29
6/25/1990,0
6/26/1990,0
6/27/1990,0
6/28/1990,0
6/29/1990,0
6/30/1990,0
7/1/1990,0.01
7/2/1990,0.21
7/3/1990,0
7/4/1990,0
7/5/1990,0
7/6/1990,0
7/7/1990,0
7/8/1990,0
7/9/1990,0
7/10/1990,0
7/11/1990,0.3
7/12/1990,0
7/13/1990,0.24
7/14/1990,0.25
7/15/1990,0.04
7/16/1990,0
7/17/1990,0
7/18/1990,0.91
7/19/1990,0
7/20/1990,0
7/21/1990,0
7/22/1990,0.04
7/23/1990,0
7/24/1990,0
7/25/1990,0
7/26/1990,0
7/27/1990,0
7/28/1990,0.09
7/29/1990,0.02
7/30/1990,0
7/31/1990,0
8/1/1990,0
8/2/1990,0
8/3/1990,0
8/4/1990,0
8/5/1990,0
8/6/1990,0
8/7/1990,0.85
8/8/1990,0
8/9/1990,1.27
8/10/1990,0.48
8/11/1990,0
8/12/1990,0
8/13/1990,0
8/14/1990,0
8/15/1990,0.02
8/16/1990,0
8/17/1990,0.19
8/18/1990,0.07
8/19/1990,0
8/20/1990,0
8/21/1990,0
8/22/1990,0.01
8/23/1990,0
8/24/1990,0.79
8/25/1990,0
8/26/1990,2.03
8/27/1990,0
8/28/1990,0
8/29/1990,0
8/30/1990,0.1
8/31/1990,0
9/1/1990,0
9/2/1990,0
9/3/1990,0
9/4/1990,0
9/5/1990,0
9/6/1990,0
9/7/1990,0
9/8/1990,0.06
9/9/1990,0
9/10/1990,0
9/11/1990,0.04
9/12/1990,0
9/13/1990,0
9/14/1990,0.03
9/15/1990,0
9/16/1990,0
9/17/1990,0
9/18/1990,0
9/19/1990,0
9/20/1990,0
9/21/1990,0
9/22/1990,0
9/23/1990,0.01
9/24/1990,0
9/25/1990,0
9/26/1990,0
9/27/1990,0
9/28/1990,0
9/29/1990,0
9/30/1990,0
10/1/1990,0
10/2/1990,0
10/3/1990,0
10/4/1990,0
10/5/1990,0.26
10/6/1990,0
10/7/1990,0
10/8/1990,0
10/9/1990,0
10/10/1990,0
10/11/1990,1.42
10/12/1990,0.04
10/13/1990,0.06
10/14/1990,0.01
10/15/1990,0
10/16/1990,0
10/17/1990,0
10/18/1990,0
10/19/1990,0.13
10/20/1990,0
10/21/1990,0
10/22/1990,0
10/23/1990,2
10/24/1990,0.03
10/25/1990,0
10/26/1990,0.93
10/27/1990,0
10/28/1990,0
10/29/1990,0
10/30/1990,0
10/31/1990,0
11/1/1990,0
11/2/1990,0
11/3/1990,0
11/4/1990,0
11/5/1990,0
11/6/1990,0
11/7/1990,0
11/8/1990,0
11/9/1990,0
11/10/1990,0.67
11/11/1990,0.04
11/12/1990,0
11/13/1990,0
11/14/1990,0
11/15/1990,0
11/16/1990,0
11/17/1990,0.04
11/18/1990,0
11/19/1990,0
11/20/1990,0
11/21/1990,0
11/22/1990,0
11/23/1990,0.01
11/24/1990,0.2
11/25/1990,0
11/26/1990,0
11/27/1990,0
11/28/1990,0.02
11/29/1990,0.33
11/30/1990,0
12/1/1990,0
12/2/1990,0
12/3/1990,0.07
12/4/1990,0.22
12/5/1990,0
12/6/1990,0
12/7/1990,0
12/8/1990,0.48
12/9/1990,0.06
12/10/1990,0
12/11/1990,0
12/12/1990,0
12/13/1990,0
12/14/1990,0
12/15/1990,0.11
12/16/1990,0.01
12/17/1990,0
12/18/1990,0
12/19/1990,0.29
12/20/1990,0.01
12/21/1990,1.11
12/22/1990,0.05
12/23/1990,0
12/24/1990,0.03
12/25/1990,0
12/26/1990,0
12/27/1990,0
12/28/1990,0.6
12/29/1990,0.01
12/30/1990,0.03
12/31/1990,0.09
1/1/1991,0
1/2/1991,0.22
1/3/1991,0.01
1/4/1991,0.2
1/5/1991,0
1/6/1991,0
1/7/1991,0.02
1/8/1991,1.17
1/9/1991,0.19
1/10/1991,0.01
1/11/1991,0.1
1/12/1991,1.77
1/13/1991,0.22
1/14/1991,0
1/15/1991,0
1/16/1991,0.11
1/17/1991,0.02
1/18/1991,0
1/19/1991,0
1/20/1991,0.62
1/21/1991,0
1/22/1991,0
1/23/1991,0
1/24/1991,0
1/25/1991,0.05
1/26/1991,0
1/27/1991,0
1/28/1991,0.03
1/29/1991,0
1/30/1991,0
1/31/1991,0.23
2/1/1991,0
2/2/1991,0
2/3/1991,0
2/4/1991,0
2/5/1991,0
2/6/1991,0
2/7/1991,0.2
2/8/1991,0.01
2/9/1991,0
2/10/1991,0
2/11/1991,0
2/12/1991,0
2/13/1991,0
2/14/1991,0.11
2/15/1991,0
2/16/1991,0
2/17/1991,0
2/18/1991,0.13
2/19/1991,0.07
2/20/1991,0.02
2/21/1991,0.01
2/22/1991,0
2/23/1991,0
2/24/1991,0
2/25/1991,0.01
2/26/1991,0.07
2/27/1991,0.01
2/28/1991,0
3/1/1991,0
3/2/1991,0.61
3/3/1991,0
3/4/1991,1.24
3/5/1991,0
3/6/1991,0
3/7/1991,0.12
3/8/1991,0.15
3/9/1991,0.01
3/10/1991,0
3/11/1991,0
3/12/1991,0
3/13/1991,0.22
3/14/1991,0.47
3/15/1991,0
3/16/1991,0
3/17/1991,0
3/18/1991,0.65
3/19/1991,0.18
3/20/1991,0
3/21/1991,0
3/22/1991,0
3/23/1991,0
3/24/1991,0
3/25/1991,0
3/26/1991,0
3/27/1991,0
3/28/1991,0
3/29/1991,0.09
3/30/1991,1.31
3/31/1991,0
4/1/1991,0
4/2/1991,0
4/3/1991,0
4/4/1991,0
4/5/1991,0
4/6/1991,0.01
4/7/1991,0
4/8/1991,0
4/9/1991,0.01
4/10/1991,0
4/11/1991,0
4/12/1991,0
4/13/1991,0
4/14/1991,0.15
4/15/1991,0.39
4/16/1991,0.07
4/17/1991,0
4/18/1991,0
4/19/1991,0
4/20/1991,0.3
4/21/1991,0.1
4/22/1991,0.2
4/23/1991,0
4/24/1991,0.01
4/25/1991,0
4/26/1991,0
4/27/1991,0
4/28/1991,0.21
4/29/1991,0.02
4/30/1991,0.03
5/1/1991,0.01
5/2/1991,0.02
5/3/1991,0
5/4/1991,0
5/5/1991,0
5/6/1991,0.23
5/7/1991,0
5/8/1991,0
5/9/1991,0
5/10/1991,0
5/11/1991,0
5/12/1991,0
5/13/1991,0
5/14/1991,0
5/15/1991,0
5/16/1991,0
5/17/1991,0
5/18/1991,0.4
5/19/1991,0
5/20/1991,1.73
5/21/1991,0.53
5/22/1991,0.01
5/23/1991,0
5/24/1991,0
5/25/1991,0
5/26/1991,0
5/27/1991,0
5/28/1991,0.01
5/29/1991,0.1
5/30/1991,0
5/31/1991,0
6/1/1991,0
6/2/1991,0
6/3/1991,0.57
6/4/1991,0
6/5/1991,0
6/6/1991,0
6/7/1991,0
6/8/1991,0
6/9/1991,0
6/10/1991,0
6/11/1991,0
6/12/1991,0
6/13/1991,0
6/14/1991,0
6/15/1991,0
6/16/1991,0
6/17/1991,0.21
6/18/1991,0.48
6/19/1991,0.03
6/20/1991,1.7
6/21/1991,0.07
6/22/1991,0
6/23/1991,0
6/24/1991,0.12
6/25/1991,0
6/26/1991,0
6/27/1991,0
6/28/1991,0
6/29/1991,0
6/30/1991,0
7/1/1991,0
7/2/1991,0.14
7/3/1991,1.34
7/4/1991,0.19
7/5/1991,0
7/6/1991,0.15
7/7/1991,0
7/8/1991,0
7/9/1991,0
7/10/1991,0
7/11/1991,0.73
7/12/1991,0
7/13/1991,0
7/14/1991,0
7/15/1991,0
7/16/1991,0
7/17/1991,0
7/18/1991,0.27
7/19/1991,0.82
7/20/1991,0
7/21/1991,0.03
7/22/1991,0
7/23/1991,0
7/24/1991,0
7/25/1991,0.65
7/26/1991,0
7/27/1991,0.97
7/28/1991,0.19
7/29/1991,0.85
7/30/1991,0.83
7/31/1991,0.13
8/1/1991,0
8/2/1991,1.5
8/3/1991,0.01
8/4/1991,0
8/5/1991,0
8/6/1991,0
8/7/1991,0.15
8/8/1991,0
8/9/1991,0
8/10/1991,0.08
8/11/1991,0
8/12/1991,0
8/13/1991,0.68
8/14/1991,0
8/15/1991,1.03
8/16/1991,0.01
8/17/1991,0
8/18/1991,0
8/19/1991,0
8/20/1991,0
8/21/1991,1.03
8/22/1991,0
8/23/1991,0
8/24/1991,0
8/25/1991,0.17
8/26/1991,0.13
8/27/1991,0.02
8/28/1991,0.83
8/29/1991,0.14
8/30/1991,0
8/31/1991,0
9/1/1991,0
9/2/1991,0
9/3/1991,0
9/4/1991,0
9/5/1991,0
9/6/1991,0
9/7/1991,0
9/8/1991,0
9/9/1991,0
9/10/1991,0
9/11/1991,0
9/12/1991,0
9/13/1991,0
9/14/1991,0
9/15/1991,0
9/16/1991,0
9/17/1991,0
9/18/1991,0
9/19/1991,0
9/20/1991,0.9
9/21/1991,0
9/22/1991,0
9/23/1991,0
9/24/1991,0
9/25/1991,0.68
9/26/1991,0.4
9/27/1991,0
9/28/1991,0
9/29/1991,0
9/30/1991,0
10/1/1991,0
10/2/1991,0
10/3/1991,0.72
10/4/1991,0
10/5/1991,0
10/6/1991,0
10/7/1991,0
10/8/1991,0
10/9/1991,0
10/10/1991,0
10/11/1991,0
10/12/1991,0
10/13/1991,0
10/14/1991,0
10/15/1991,0
10/16/1991,0.38
10/17/1991,0.41
10/18/1991,0.03
10/19/1991,0
10/20/1991,0
10/21/1991,0
10/22/1991,0
10/23/1991,0
10/24/1991,0
10/25/1991,0
10/26/1991,0
10/27/1991,0
10/28/1991,0
10/29/1991,0
10/30/1991,0
10/31/1991,0
11/1/1991,0
11/2/1991,0
11/3/1991,0
11/4/1991,0.02
11/5/1991,0
11/6/1991,0
11/7/1991,0
11/8/1991,0
11/9/1991,0.05
11/10/1991,0.46
11/11/1991,0.03
11/12/1991,0
11/13/1991,0
11/14/1991,0
11/15/1991,0
11/16/1991,0
11/17/1991,0
11/18/1991,0
11/19/1991,0
11/20/1991,0
11/21/1991,0.05
11/22/1991,0.11
11/23/1991,0.07
11/24/1991,0
11/25/1991,0
11/26/1991,0
11/27/1991,0
11/28/1991,0
11/29/1991,0
11/30/1991,0
12/1/1991,0
12/2/1991,0.01
12/3/1991,0
12/4/1991,0.55
12/5/1991,0
12/6/1991,0
12/7/1991,0
12/8/1991,0
12/9/1991,0
12/10/1991,0.11
12/11/1991,0
12/12/1991,0
12/13/1991,0
12/14/1991,0
12/15/1991,0
12/16/1991,0
12/17/1991,0
12/18/1991,0
12/19/1991,0
12/20/1991,0
12/21/1991,0
12/22/1991,0
12/23/1991,0
12/24/1991,0.33
12/25/1991,0
12/26/1991,0
12/27/1991,0.37
12/28/1991,0.18
12/29/1991,1.3
12/30/1991,0.01
12/31/1991,0
1/1/1992,0
1/2/1992,0
1/3/1992,0.56
1/4/1992,2.76
1/5/1992,0.26
1/6/1992,0
1/7/1992,0
1/8/1992,0
1/9/1992,0
1/10/1992,0.04
1/11/1992,0.03
1/12/1992,0
1/13/1992,0.04
1/14/1992,0.19
1/15/1992,0
1/16/1992,0
1/17/1992,0
1/18/1992,0
1/19/1992,0
1/20/1992,0
1/21/1992,0
1/22/1992,0
1/23/1992,0.02
1/24/1992,0.55
1/25/1992,0
1/26/1992,0
1/27/1992,0
1/28/1992,0.45
1/29/1992,0
1/30/1992,0
1/31/1992,0
2/1/1992,0
2/2/1992,0
2/3/1992,0
2/4/1992,0
2/5/1992,0
2/6/1992,0
2/7/1992,0
2/8/1992,0
2/9/1992,0
2/10/1992,0
2/11/1992,0
2/12/1992,0.01
2/13/1992,0
2/14/1992,0.13
2/15/1992,0.11
2/16/1992,0.39
2/17/1992,0
2/18/1992,0.03
2/19/1992,0.3
2/20/1992,0
2/21/1992,0
2/22/1992,0
2/23/1992,0
2/24/1992,0.18
2/25/1992,0.03
2/26/1992,1
2/27/1992,0.01
2/28/1992,0
2/29/1992,0
3/1/1992,0
3/2/1992,0
3/3/1992,0
3/4/1992,0
3/5/1992,0.01
3/6/1992,0.01
3/7/1992,1.71
3/8/1992,0.01
3/9/1992,0
3/10/1992,0
3/11/1992,0.2
3/12/1992,0
3/13/1992,0
3/14/1992,0
3/15/1992,0
3/16/1992,0
3/17/1992,0
3/18/1992,0
3/19/1992,0.42
3/20/1992,0.03
3/21/1992,0
3/22/1992,0
3/23/1992,0.43
3/24/1992,0
3/25/1992,0
3/26/1992,0.54
3/27/1992,0.17
3/28/1992,0
3/29/1992,0
3/30/1992,0
3/31/1992,0
4/1/1992,0.01
4/2/1992,0
4/3/1992,0
4/4/1992,0
4/5/1992,0.17
4/6/1992,0
4/7/1992,0
4/8/1992,0
4/9/1992,0
4/10/1992,0
4/11/1992,0
4/12/1992,0
4/13/1992,0.5
4/14/1992,0
4/15/1992,0
4/16/1992,0
4/17/1992,0
4/18/1992,0
4/19/1992,0
4/20/1992,0
4/21/1992,0.14
4/22/1992,1.33
4/23/1992,0
4/24/1992,0
4/25/1992,0.08
4/26/1992,0
4/27/1992,0
4/28/1992,0
4/29/1992,0
4/30/1992,0
5/1/1992,0.11
5/2/1992,0
5/3/1992,0
5/4/1992,0
5/5/1992,0.09
5/6/1992,0
5/7/1992,0.27
5/8/1992,0.51
5/9/1992,0.01
5/10/1992,0
5/11/1992,0
5/12/1992,0
5/13/1992,0
5/14/1992,0.05
5/15/1992,0.01
5/16/1992,0
5/17/1992,0
5/18/1992,0
5/19/1992,0.23
5/20/1992,0.02
5/21/1992,0.01
5/22/1992,0
5/23/1992,0
5/24/1992,0
5/25/1992,0
5/26/1992,0.19
5/27/1992,0.03
5/28/1992,0
5/29/1992,0.01
5/30/1992,0.87
5/31/1992,1
6/1/1992,0
6/2/1992,0
6/3/1992,0
6/4/1992,0.17
6/5/1992,0.21
6/6/1992,0.29
6/7/1992,0
6/8/1992,0
6/9/1992,1.44
6/10/1992,0.65
6/11/1992,0
6/12/1992,0.01
6/13/1992,0
6/14/1992,0
6/15/1992,0.02
6/16/1992,0.58
6/17/1992,0.01
6/18/1992,0
6/19/1992,0.01
6/20/1992,0.04
6/21/1992,0
6/22/1992,0.18
6/23/1992,0
6/24/1992,0
6/25/1992,0
6/26/1992,0.71
6/27/1992,1.79
6/28/1992,0
6/29/1992,0
6/30/1992,0
7/1/1992,0
7/2/1992,0.15
7/3/1992,0
7/4/1992,0.71
7/5/1992,0
7/6/1992,0.47
7/7/1992,0
7/8/1992,0
7/9/1992,0
7/10/1992,0
7/11/1992,0
7/12/1992,0
7/13/1992,0
7/14/1992,0
7/15/1992,0
7/16/1992,0
7/17/1992,0
7/18/1992,0
7/19/1992,1.17
7/20/1992,0
7/21/1992,0
7/22/1992,0
7/23/1992,0.33
7/24/1992,0.03
7/25/1992,0
7/26/1992,0.03
7/27/1992,0
7/28/1992,0.48
7/29/1992,0
7/30/1992,0
7/31/1992,0
8/1/1992,0
8/2/1992,0
8/3/1992,0.02
8/4/1992,0
8/5/1992,0
8/6/1992,0.27
8/7/1992,0.01
8/8/1992,0
8/9/1992,0.01
8/10/1992,0.33
8/11/1992,0
8/12/1992,0
8/13/1992,1.01
8/14/1992,1.05
8/15/1992,0.45
8/16/1992,0.52
8/17/1992,0.08
8/18/1992,0.37
8/19/1992,0
8/20/1992,0.27
8/21/1992,0.01
8/22/1992,0
8/23/1992,0
8/24/1992,0
8/25/1992,0
8/26/1992,0
8/27/1992,0
8/28/1992,0
8/29/1992,0.03
8/30/1992,0
8/31/1992,0
9/1/1992,0
9/2/1992,0
9/3/1992,0
9/4/1992,0
9/5/1992,0.06
9/6/1992,0
9/7/1992,0.08
9/8/1992,0
9/9/1992,0
9/10/1992,0
9/11/1992,0.33
9/12/1992,0
9/13/1992,0
9/14/1992,0
9/15/1992,0
9/16/1992,0
9/17/1992,0.01
9/18/1992,0
9/19/1992,0
9/20/1992,0.15
9/21/1992,0
9/22/1992,0
9/23/1992,0.22
9/24/1992,0.03
9/25/1992,0.78
9/26/1992,0.08
9/27/1992,0
9/28/1992,0
9/29/1992,0.02
9/30/1992,0
10/1/1992,0
10/2/1992,0
10/3/1992,0
10/4/1992,0.12
10/5/1992,1.82
10/6/1992,0.03
10/7/1992,0
10/8/1992,0
10/9/1992,0.09
10/10/1992,0
10/11/1992,0.06
10/12/1992,0.45
10/13/1992,0
10/14/1992,0
10/15/1992,0
10/16/1992,0
10/17/1992,0
10/18/1992,0
10/19/1992,0
10/20/1992,0
10/21/1992,0
10/22/1992,0
10/23/1992,0
10/24/1992,0
10/25/1992,0
10/26/1992,0
10/27/1992,0
10/28/1992,0.11
10/29/1992,0.37
10/30/1992,0.01
10/31/1992,1.17
11/1/1992,0
11/2/1992,0
11/3/1992,1.06
11/4/1992,0
11/5/1992,0.56
11/6/1992,0.03
11/7/1992,0
11/8/1992,0
11/9/1992,0
11/10/1992,0
11/11/1992,0
11/12/1992,0
11/13/1992,1.75
11/14/1992,0
11/15/1992,0
11/16/1992,0
11/17/1992,0
11/18/1992,0
11/19/1992,0
11/20/1992,0
11/21/1992,0.05
11/22/1992,0.17
11/23/1992,0.01
11/24/1992,0
11/25/1992,0.16
11/26/1992,1.62
11/27/1992,0.17
11/28/1992,0.25
11/29/1992,0
11/30/1992,0
12/1/1992,0
12/2/1992,0.08
12/3/1992,0.02
12/4/1992,0
12/5/1992,0
12/6/1992,0
12/7/1992,0
12/8/1992,0
12/9/1992,0
12/10/1992,0.62
12/11/1992,0.83
12/12/1992,0
12/13/1992,0
12/14/1992,0
12/15/1992,0
12/16/1992,0
12/17/1992,0
12/18/1992,0.02
12/19/1992,0
12/20/1992,0.22
12/21/1992,0.48
12/22/1992,0.05
12/23/1992,0
12/24/1992,0.06
12/25/1992,0
12/26/1992,0
12/27/1992,0
12/28/1992,0.42
12/29/1992,0.08
12/30/1992,0.02
12/31/1992,0
1/1/1993,0
1/2/1993,0
1/3/1993,0
1/4/1993,0
1/5/1993,0.78
1/6/1993,0.02
1/7/1993,0
1/8/1993,1.3
1/9/1993,0.37
1/10/1993,0.07
1/11/1993,0
1/12/1993,0.24
1/13/1993,0.07
1/14/1993,0
1/15/1993,0
1/16/1993,0.19
1/17/1993,0.02
1/18/1993,0
1/19/1993,0
1/20/1993,0
1/21/1993,0.05
1/22/1993,1.22
1/23/1993,0
1/24/1993,0
1/25/1993,0.36
1/26/1993,0
1/27/1993,0
1/28/1993,0
1/29/1993,0
1/30/1993,0
1/31/1993,0
2/1/1993,0
2/2/1993,0
2/3/1993,0
2/4/1993,0
2/5/1993,0
2/6/1993,0
2/7/1993,0
2/8/1993,0.12
2/9/1993,0.08
2/10/1993,0
2/11/1993,0
2/12/1993,0.15
2/13/1993,0.44
2/14/1993,0
2/15/1993,0
2/16/1993,0
2/17/1993,0.24
2/18/1993,0
2/19/1993,0
2/20/1993,0.03
2/21/1993,0.09
2/22/1993,0.34
2/23/1993,0
2/24/1993,0
2/25/1993,0
2/26/1993,0.19
2/27/1993,0.43
2/28/1993,0
3/1/1993,0
3/2/1993,0
3/3/1993,0.11
3/4/1993,3.24
3/5/1993,0.04
3/6/1993,0.02
3/7/1993,0
3/8/1993,0
3/9/1993,0
3/10/1993,0
3/11/1993,0
3/12/1993,0
3/13/1993,1.02
3/14/1993,0.59
3/15/1993,0
3/16/1993,0
3/17/1993,0.08
3/18/1993,0.04
3/19/1993,0
3/20/1993,0
3/21/1993,0
3/22/1993,0
3/23/1993,0
3/24/1993,0.71
3/25/1993,0.2
3/26/1993,0
3/27/1993,0.51
3/28/1993,0.11
3/29/1993,0.03
3/30/1993,0
3/31/1993,0
4/1/1993,0.06
4/2/1993,0
4/3/1993,0
4/4/1993,0
4/5/1993,0.15
4/6/1993,2.2
4/7/1993,0
4/8/1993,0
4/9/1993,0
4/10/1993,0.97
4/11/1993,0.1
4/12/1993,0
4/13/1993,0
4/14/1993,0
4/15/1993,0
4/16/1993,0.02
4/17/1993,1.11
4/18/1993,0
4/19/1993,0
4/20/1993,0
4/21/1993,0
4/22/1993,0.06
4/23/1993,0
4/24/1993,0
4/25/1993,0
4/26/1993,0
4/27/1993,0.14
4/28/1993,0
4/29/1993,0
4/30/1993,0
5/1/1993,0
5/2/1993,0
5/3/1993,0
5/4/1993,0
5/5/1993,0.29
5/6/1993,0.32
5/7/1993,0
5/8/1993,0
5/9/1993,0
5/10/1993,0
5/11/1993,0
5/12/1993,0
5/13/1993,0
5/14/1993,0.22
5/15/1993,0
5/16/1993,0
5/17/1993,0
5/18/1993,0
5/19/1993,0.07
5/20/1993,0.82
5/21/1993,0
5/22/1993,0
5/23/1993,0
5/24/1993,0
5/25/1993,0
5/26/1993,0.13
5/27/1993,0.39
5/28/1993,0.01
5/29/1993,0
5/30/1993,0.95
5/31/1993,0
6/1/1993,0.35
6/2/1993,0
6/3/1993,0
6/4/1993,0
6/5/1993,0.13
6/6/1993,0
6/7/1993,0
6/8/1993,0
6/9/1993,0
6/10/1993,0
6/11/1993,0
6/12/1993,0
6/13/1993,0.06
6/14/1993,0.01
6/15/1993,0
6/16/1993,0
6/17/1993,0
6/18/1993,0
6/19/1993,0
6/20/1993,0
6/21/1993,0
6/22/1993,0
6/23/1993,0
6/24/1993,0
6/25/1993,0
6/26/1993,0
6/27/1993,0.45
6/28/1993,0
6/29/1993,0
6/30/1993,0.23
7/1/1993,0
7/2/1993,0
7/3/1993,0.78
7/4/1993,0.01
7/5/1993,0
7/6/1993,0
7/7/1993,0
7/8/1993,0.02
7/9/1993,0
7/10/1993,0
7/11/1993,0.3
7/12/1993,0.07
7/13/1993,0.05
7/14/1993,0
7/15/1993,0
7/16/1993,0.05
7/17/1993,0
7/18/1993,0
7/19/1993,0.97
7/20/1993,0.08
7/21/1993,0
7/22/1993,0
7/23/1993,0
7/24/1993,0
7/25/1993,0
7/26/1993,0
7/27/1993,0
7/28/1993,0
7/29/1993,0
7/30/1993,0
7/31/1993,0
8/1/1993,0
8/2/1993,0
8/3/1993,0
8/4/1993,0.14
8/5/1993,0
8/6/1993,0.19
8/7/1993,0.72
8/8/1993,0.06
8/9/1993,0
8/10/1993,0
8/11/1993,0
8/12/1993,0
8/13/1993,0.06
8/14/1993,0.27
8/15/1993,0
8/16/1993,0
8/17/1993,0
8/18/1993,1.29
8/19/1993,0
8/20/1993,0
8/21/1993,0
8/22/1993,0
8/23/1993,0
8/24/1993,0
8/25/1993,0
8/26/1993,0
8/27/1993,0
8/28/1993,0
8/29/1993,0
8/30/1993,0
8/31/1993,0
9/1/1993,0
9/2/1993,0
9/3/1993,0
9/4/1993,0
9/5/1993,0.98
9/6/1993,0.74
9/7/1993,0
9/8/1993,0.01
9/9/1993,0
9/10/1993,0
9/11/1993,0
9/12/1993,0
9/13/1993,0
9/14/1993,0
9/15/1993,0
9/16/1993,0
9/17/1993,0.67
9/18/1993,0
9/19/1993,0
9/20/1993,0
9/21/1993,0.07
9/22/1993,0
9/23/1993,0
9/24/1993,0
9/25/1993,0
9/26/1993,0
9/27/1993,0.01
9/28/1993,0.19
9/29/1993,0
9/30/1993,0
10/1/1993,0
10/2/1993,0
10/3/1993,0
10/4/1993,0
10/5/1993,0
10/6/1993,0
10/7/1993,0
10/8/1993,0.22
10/9/1993,0.03
10/10/1993,0
10/11/1993,0.12
10/12/1993,0.3
10/13/1993,0
10/14/1993,0
10/15/1993,0
10/16/1993,0
10/17/1993,0.25
10/18/1993,0
10/19/1993,0
10/20/1993,0
10/21/1993,0
10/22/1993,0.17
10/23/1993,0
10/24/1993,0
10/25/1993,0
10/26/1993,0
10/27/1993,0.6
10/28/1993,0.01
10/29/1993,0
10/30/1993,0.32
10/31/1993,1.1
11/1/1993,0.01
11/2/1993,0
11/3/1993,0
11/4/1993,0
11/5/1993,0.28
11/6/1993,0.39
11/7/1993,0.09
11/8/1993,0
11/9/1993,0
11/10/1993,0
11/11/1993,0
11/12/1993,0
11/13/1993,0
11/14/1993,0
11/15/1993,0
11/16/1993,0
11/17/1993,0
11/18/1993,0
11/19/1993,0
11/20/1993,0.1
11/21/1993,0
11/22/1993,0
11/23/1993,0
11/24/1993,0
11/25/1993,0
11/26/1993,0
11/27/1993,0
11/28/1993,2.29
11/29/1993,0
11/30/1993,0
12/1/1993,0
12/2/1993,0
12/3/1993,0
12/4/1993,0
12/5/1993,1.12
12/6/1993,0.17
12/7/1993,0
12/8/1993,0
12/9/1993,0.02
12/10/1993,0
12/11/1993,0.42
12/12/1993,0
12/13/1993,0
12/14/1993,0
12/15/1993,0.39
12/16/1993,0.47
12/17/1993,0
12/18/1993,0
12/19/1993,0.04
12/20/1993,0
12/21/1993,0.76
12/22/1993,0
12/23/1993,0.39
12/24/1993,0.03
12/25/1993,0
12/26/1993,0
12/27/1993,0
12/28/1993,0
12/29/1993,0.14
12/30/1993,0
12/31/1993,0
1/1/1994,0
1/2/1994,0.99
1/3/1994,0
1/4/1994,0.52
1/5/1994,0
1/6/1994,0
1/7/1994,0
1/8/1994,0.28
1/9/1994,0
1/10/1994,0
1/11/1994,0
1/12/1994,0.33
1/13/1994,0.2
1/14/1994,0.03
1/15/1994,0
1/16/1994,0
1/17/1994,0
1/18/1994,0.72
1/19/1994,0
1/20/1994,0
1/21/1994,0
1/22/1994,0
1/23/1994,0
1/24/1994,0
1/25/1994,0
1/26/1994,0.02
1/27/1994,0.03
1/28/1994,0.46
1/29/1994,0.39
1/30/1994,0.01
1/31/1994,0.09
2/1/1994,0
2/2/1994,0
2/3/1994,0.04
2/4/1994,0
2/5/1994,0.04
2/6/1994,0.38
2/7/1994,0
2/8/1994,0
2/9/1994,0
2/10/1994,0.22
2/11/1994,0.37
2/12/1994,0.83
2/13/1994,0
2/14/1994,0
2/15/1994,0
2/16/1994,0
2/17/1994,0
2/18/1994,0
2/19/1994,0
2/20/1994,0
2/21/1994,0
2/22/1994,0
2/23/1994,0.23
2/24/1994,1.24
2/25/1994,0
2/26/1994,0
2/27/1994,0
2/28/1994,0
3/1/1994,0.01
3/2/1994,1.87
3/3/1994,0.72
3/4/1994,0
3/5/1994,0
3/6/1994,0
3/7/1994,0
3/8/1994,0
3/9/1994,0.04
3/10/1994,0.1
3/11/1994,0.4
3/12/1994,0
3/13/1994,0
3/14/1994,0.02
3/15/1994,0
3/16/1994,0
3/17/1994,0
3/18/1994,0
3/19/1994,0.04
3/20/1994,0
3/21/1994,0.01
3/22/1994,0.45
3/23/1994,0
3/24/1994,0
3/25/1994,0.23
3/26/1994,0.25
3/27/1994,0
3/28/1994,0.09
3/29/1994,1.41
3/30/1994,0.01
3/31/1994,0
4/1/1994,0.31
4/2/1994,0
4/3/1994,0
4/4/1994,0
4/5/1994,0
4/6/1994,0.04
4/7/1994,0.07
4/8/1994,0
4/9/1994,0
4/10/1994,0
4/11/1994,0.02
4/12/1994,0
4/13/1994,0
4/14/1994,0.21
4/15/1994,0
4/16/1994,0.22
4/17/1994,0
4/18/1994,0
4/19/1994,0
4/20/1994,0
4/21/1994,0
4/22/1994,0.09
4/23/1994,0
4/24/1994,0
4/25/1994,0
4/26/1994,0
4/27/1994,0
4/28/1994,0.59
4/29/1994,0
4/30/1994,0
5/1/1994,0
5/2/1994,0
5/3/1994,0
5/4/1994,1.79
5/5/1994,0.01
5/6/1994,0.04
5/7/1994,0
5/8/1994,0.16
5/9/1994,0.43
5/10/1994,0
5/11/1994,0
5/12/1994,0
5/13/1994,0
5/14/1994,0
5/15/1994,0
5/16/1994,0.21
5/17/1994,0
5/18/1994,0
5/19/1994,0.04
5/20/1994,0
5/21/1994,0
5/22/1994,0
5/23/1994,0
5/24/1994,0
5/25/1994,0
5/26/1994,0
5/27/1994,0.59
5/28/1994,0
5/29/1994,0
5/30/1994,0
5/31/1994,0
6/1/1994,0
6/2/1994,0
6/3/1994,0.01
6/4/1994,0
6/5/1994,0
6/6/1994,0
6/7/1994,0.2
6/8/1994,0
6/9/1994,0.25
6/10/1994,0
6/11/1994,0.22
6/12/1994,0.05
6/13/1994,0
6/14/1994,0
6/15/1994,0.13
6/16/1994,0
6/17/1994,1.05
6/18/1994,0
6/19/1994,0
6/20/1994,0
6/21/1994,0.01
6/22/1994,0.05
6/23/1994,0
6/24/1994,0.05
6/25/1994,0
6/26/1994,0
6/27/1994,0.15
6/28/1994,0
6/29/1994,0.22
6/30/1994,0.29
7/1/1994,0
7/2/1994,0.32
7/3/1994,0
7/4/1994,0
7/5/1994,0
7/6/1994,0
7/7/1994,0
7/8/1994,0
7/9/1994,0
7/10/1994,0
7/11/1994,0.23
7/12/1994,0
7/13/1994,0
7/14/1994,0
7/15/1994,0
7/16/1994,0
7/17/1994,0
7/18/1994,0
7/19/1994,0.01
7/20/1994,0
7/21/1994,0.35
7/22/1994,0.05
7/23/1994,0
7/24/1994,0.01
7/25/1994,0
7/26/1994,0.34
7/27/1994,0.45
7/28/1994,0.03
7/29/1994,0.12
7/30/1994,0.21
7/31/1994,1.58
8/1/1994,0
8/2/1994,0.09
8/3/1994,0
8/4/1994,0
8/5/1994,0
8/6/1994,0.39
8/7/1994,0
8/8/1994,0
8/9/1994,0
8/10/1994,0
8/11/1994,0
8/12/1994,0
8/13/1994,0
8/14/1994,0.57
8/15/1994,1.82
8/16/1994,0.27
8/17/1994,0.16
8/18/1994,0.58
8/19/1994,0
8/20/1994,0.08
8/21/1994,0
8/22/1994,0.38
8/23/1994,0
8/24/1994,0
8/25/1994,0
8/26/1994,0
8/27/1994,0
8/28/1994,0.44
8/29/1994,0
8/30/1994,0.33
8/31/1994,0
9/1/1994,0.03
9/2/1994,1.03
9/3/1994,0.43
9/4/1994,0.08
9/5/1994,0
9/6/1994,0.02
9/7/1994,0
9/8/1994,0
9/9/1994,0
9/10/1994,0
9/11/1994,0
9/12/1994,0
9/13/1994,0
9/14/1994,0
9/15/1994,0
9/16/1994,0
9/17/1994,0
9/18/1994,0.11
9/19/1994,0
9/20/1994,0
9/21/1994,0
9/22/1994,0.13
9/23/1994,0.01
9/24/1994,0
9/25/1994,0.06
9/26/1994,0.01
9/27/1994,0.01
9/28/1994,0
9/29/1994,0
9/30/1994,0
10/1/1994,0
10/2/1994,0
10/3/1994,0
10/4/1994,0
10/5/1994,0
10/6/1994,0
10/7/1994,0
10/8/1994,0
10/9/1994,0
10/10/1994,0.51
10/11/1994,0
10/12/1994,0
10/13/1994,0
10/14/1994,2
10/15/1994,1.33
10/16/1994,0
10/17/1994,0
10/18/1994,0
10/19/1994,0
10/20/1994,0.01
10/21/1994,0.11
10/22/1994,0
10/23/1994,0
10/24/1994,0
10/25/1994,0
10/26/1994,0
10/27/1994,0
10/28/1994,0
10/29/1994,0
10/30/1994,0
10/31/1994,0.01
11/1/1994,0.17
11/2/1994,0
11/3/1994,0
11/4/1994,0
11/5/1994,0
11/6/1994,0
11/7/1994,0.01
11/8/1994,0
11/9/1994,0
11/10/1994,0
11/11/1994,0.02
11/12/1994,0
11/13/1994,0
11/14/1994,0
11/15/1994,0
11/16/1994,0
11/17/1994,0.1
11/18/1994,0.02
11/19/1994,0
11/20/1994,0
11/21/1994,0
11/22/1994,0.5
11/23/1994,0
11/24/1994,0
11/25/1994,0
11/26/1994,0
11/27/1994,0.01
11/28/1994,0.6
11/29/1994,0.05
11/30/1994,0.07
12/1/1994,0
12/2/1994,0
12/3/1994,0
12/4/1994,0.01
12/5/1994,0.13
12/6/1994,0
12/7/1994,0
12/8/1994,0
12/9/1994,0
12/10/1994,0.06
12/11/1994,0.31
12/12/1994,0
12/13/1994,0
12/14/1994,0.12
12/15/1994,0
12/16/1994,0
12/17/1994,0.08
12/18/1994,0.03
12/19/1994,0
12/20/1994,0
12/21/1994,0
12/22/1994,0
12/23/1994,0.38
12/24/1994,0
12/25/1994,0
12/26/1994,0
12/27/1994,0
12/28/1994,0
12/29/1994,0
12/30/1994,0
12/31/1994,0
1/1/1995,0.17
1/2/1995,0
1/3/1995,0
1/4/1995,0
1/5/1995,0
1/6/1995,0
1/7/1995,1.29
1/8/1995,0
1/9/1995,0
1/10/1995,0
1/11/1995,0
1/12/1995,0.09
1/13/1995,0.01
1/14/1995,0
1/15/1995,0.77
1/16/1995,0.43
1/17/1995,0
1/18/1995,0
1/19/1995,0
1/20/1995,0.46
1/21/1995,0
1/22/1995,0
1/23/1995,0
1/24/1995,0.17
1/25/1995,0
1/26/1995,0
1/27/1995,0
1/28/1995,0.12
1/29/1995,0.47
1/30/1995,0.05
1/31/1995,0.07
2/1/1995,0
2/2/1995,0
2/3/1995,0.05
2/4/1995,0.44
2/5/1995,0
2/6/1995,0
2/7/1995,0
2/8/1995,0.08
2/9/1995,0
2/10/1995,0
2/11/1995,0.27
2/12/1995,0
2/13/1995,0
2/14/1995,0
2/15/1995,0.31
2/16/1995,1.23
2/17/1995,1.48
2/18/1995,0.35
2/19/1995,0.24
2/20/1995,0
2/21/1995,0
2/22/1995,0
2/23/1995,0
2/24/1995,0
2/25/1995,0
2/26/1995,0
2/27/1995,0
2/28/1995,0.21
3/1/1995,0.84
3/2/1995,0.07
3/3/1995,0
3/4/1995,0.45
3/5/1995,0.06
3/6/1995,0.31
3/7/1995,0.09
3/8/1995,0.04
3/9/1995,1.11
3/10/1995,0
3/11/1995,0
3/12/1995,0
3/13/1995,0
3/14/1995,0
3/15/1995,0
3/16/1995,0
3/17/1995,0
3/18/1995,0
3/19/1995,0
3/20/1995,0
3/21/1995,0.56
3/22/1995,0
3/23/1995,0
3/24/1995,0
3/25/1995,0
3/26/1995,0
3/27/1995,0
3/28/1995,0
3/29/1995,0
3/30/1995,0
3/31/1995,0
4/1/1995,0
4/2/1995,0.01
4/3/1995,0
4/4/1995,0
4/5/1995,0
4/6/1995,0
4/7/1995,0
4/8/1995,0
4/9/1995,0
4/10/1995,0
4/11/1995,0
4/12/1995,0
4/13/1995,1.3
4/14/1995,0
4/15/1995,0
4/16/1995,0
4/17/1995,0
4/18/1995,0
4/19/1995,0
4/20/1995,0
4/21/1995,0
4/22/1995,0
4/23/1995,0
4/24/1995,0.18
4/25/1995,0.05
4/26/1995,0
4/27/1995,0
4/28/1995,0
4/29/1995,0
4/30/1995,0
5/1/1995,0
5/2/1995,0.8
5/3/1995,0
5/4/1995,0
5/5/1995,0.01
5/6/1995,0
5/7/1995,0
5/8/1995,0
5/9/1995,0
5/10/1995,0.4
5/11/1995,0
5/12/1995,0.06
5/13/1995,0
5/14/1995,0
5/15/1995,0.13
5/16/1995,0
5/17/1995,0.01
5/18/1995,0
5/19/1995,0.3
5/20/1995,0.28
5/21/1995,0
5/22/1995,0
5/23/1995,0
5/24/1995,0
5/25/1995,0
5/26/1995,0
5/27/1995,0.79
5/28/1995,0.21
5/29/1995,0.22
5/30/1995,0
5/31/1995,0
6/1/1995,0
6/2/1995,0
6/3/1995,0.6
6/4/1995,0
6/5/1995,0
6/6/1995,0.57
6/7/1995,0.78
6/8/1995,0
6/9/1995,1.28
6/10/1995,0.17
6/11/1995,0.21
6/12/1995,0.82
6/13/1995,0.9
6/14/1995,0
6/15/1995,0
6/16/1995,0
6/17/1995,0
6/18/1995,0
6/19/1995,0.19
6/20/1995,0.63
6/21/1995,0
6/22/1995,0.03
6/23/1995,0.03
6/24/1995,0
6/25/1995,0.74
6/26/1995,0
6/27/1995,0.71
6/28/1995,0
6/29/1995,0.56
6/30/1995,0.48
7/1/1995,0
7/2/1995,0.18
7/3/1995,0
7/4/1995,0
7/5/1995,0.38
7/6/1995,0
7/7/1995,0.63
7/8/1995,0
7/9/1995,0
7/10/1995,0
7/11/1995,0.01
7/12/1995,0
7/13/1995,0
7/14/1995,0
7/15/1995,0
7/16/1995,0
7/17/1995,0
7/18/1995,0
7/19/1995,0
7/20/1995,0
7/21/1995,0
7/22/1995,0.02
7/23/1995,2.65
7/24/1995,0.19
7/25/1995,0.01
7/26/1995,0
7/27/1995,0
7/28/1995,0
7/29/1995,0
7/30/1995,0
7/31/1995,0.24
8/1/1995,0
8/2/1995,0
8/3/1995,0
8/4/1995,0
8/5/1995,0
8/6/1995,0
8/7/1995,0.05
8/8/1995,0
8/9/1995,0.01
8/10/1995,0
8/11/1995,0.5
8/12/1995,0.11
8/13/1995,0
8/14/1995,0
8/15/1995,0
8/16/1995,0
8/17/1995,0
8/18/1995,0
8/19/1995,0
8/20/1995,0
8/21/1995,0
8/22/1995,0
8/23/1995,0
8/24/1995,0
8/25/1995,0
8/26/1995,1.23
8/27/1995,0.09
8/28/1995,5.51
8/29/1995,0.02
8/30/1995,0
8/31/1995,0
9/1/1995,0
9/2/1995,0.37
9/3/1995,0
9/4/1995,0
9/5/1995,0
9/6/1995,0
9/7/1995,0
9/8/1995,0.06
9/9/1995,0
9/10/1995,0
9/11/1995,0
9/12/1995,0
9/13/1995,0
9/14/1995,0
9/15/1995,0
9/16/1995,0
9/17/1995,0.07
9/18/1995,0.05
9/19/1995,0
9/20/1995,0
9/21/1995,0
9/22/1995,0.8
9/23/1995,1.08
9/24/1995,1.02
9/25/1995,0
9/26/1995,0
9/27/1995,0.35
9/28/1995,0
9/29/1995,0
9/30/1995,0
10/1/1995,0
10/2/1995,0
10/3/1995,0
10/4/1995,0.01
10/5/1995,5.15
10/6/1995,0.95
10/7/1995,0
10/8/1995,0
10/9/1995,0
10/10/1995,0
10/11/1995,0
10/12/1995,0
10/13/1995,0
10/14/1995,0.19
10/15/1995,1.06
10/16/1995,0
10/17/1995,0
10/18/1995,0
10/19/1995,0
10/20/1995,0
10/21/1995,1.92
10/22/1995,0
10/23/1995,0
10/24/1995,0
10/25/1995,0
10/26/1995,0
10/27/1995,0
10/28/1995,1.55
10/29/1995,0.01
10/30/1995,0
10/31/1995,0.01
11/1/1995,0.13
11/2/1995,0.1
11/3/1995,1.17
11/4/1995,0.18
11/5/1995,0
11/6/1995,0
11/7/1995,0.48
11/8/1995,1.3
11/9/1995,0
11/10/1995,0
11/11/1995,0
11/12/1995,1.4
11/13/1995,0
11/14/1995,0.39
11/15/1995,0.01
11/16/1995,0
11/17/1995,0
11/18/1995,0
11/19/1995,0
11/20/1995,0
11/21/1995,0
11/22/1995,0
11/23/1995,0
11/24/1995,0
11/25/1995,0.25
11/26/1995,0
11/27/1995,0
11/28/1995,0
11/29/1995,0.02
11/30/1995,0.08
12/1/1995,0
12/2/1995,0
12/3/1995,0
12/4/1995,0
12/5/1995,0.01
12/6/1995,0.02
12/7/1995,0.58
12/8/1995,0.02
12/9/1995,0.88
12/10/1995,0
12/11/1995,0
12/12/1995,0
12/13/1995,0.01
12/14/1995,0
12/15/1995,0
12/16/1995,0.01
12/17/1995,0
12/18/1995,0
12/19/1995,0.37
12/20/1995,0.08
12/21/1995,0
12/22/1995,0
12/23/1995,0
12/24/1995,0
12/25/1995,0
12/26/1995,0
12/27/1995,0
12/28/1995,0
12/29/1995,0
12/30/1995,0
12/31/1995,0.13
1/1/1996,0.17
1/2/1996,0.06
1/3/1996,0.43
1/4/1996,0
1/5/1996,0
1/6/1996,0
1/7/1996,1.08
1/8/1996,0.36
1/9/1996,0.01
1/10/1996,0
1/11/1996,0
1/12/1996,0.34
1/13/1996,0
1/14/1996,0
1/15/1996,0
1/16/1996,0
1/17/1996,0
1/18/1996,0
1/19/1996,0.22
1/20/1996,0.54
1/21/1996,0
1/22/1996,0
1/23/1996,0
1/24/1996,0
1/25/1996,0.35
1/26/1996,0
1/27/1996,1.11
1/28/1996,0.08
1/29/1996,0
1/30/1996,0.08
1/31/1996,0.21
2/1/1996,0
2/2/1996,0.32
2/3/1996,1.05
2/4/1996,0.06
2/5/1996,0.01
2/6/1996,0
2/7/1996,0
2/8/1996,0.06
2/9/1996,0.01
2/10/1996,0
2/11/1996,0
2/12/1996,0
2/13/1996,0
2/14/1996,0
2/15/1996,0.01
2/16/1996,0.18
2/17/1996,0.15
2/18/1996,0
2/19/1996,0
2/20/1996,0.27
2/21/1996,0.58
2/22/1996,0.01
2/23/1996,0
2/24/1996,0
2/25/1996,0
2/26/1996,0
2/27/1996,0
2/28/1996,0
2/29/1996,0
3/1/1996,0
3/2/1996,0
3/3/1996,0
3/4/1996,0
3/5/1996,0
3/6/1996,0.2
3/7/1996,0.81
3/8/1996,0.68
3/9/1996,0
3/10/1996,0
3/11/1996,0
3/12/1996,0
3/13/1996,0
3/14/1996,0
3/15/1996,0
3/16/1996,0
3/17/1996,0.22
3/18/1996,0
3/19/1996,0.19
3/20/1996,0.29
3/21/1996,0
3/22/1996,0
3/23/1996,0
3/24/1996,0
3/25/1996,0
3/26/1996,0
3/27/1996,0
3/28/1996,0.32
3/29/1996,0.57
3/30/1996,0
3/31/1996,0
4/1/1996,0.27
4/2/1996,0.02
4/3/1996,0
4/4/1996,0
4/5/1996,0
4/6/1996,0
4/7/1996,0.24
4/8/1996,0
4/9/1996,0.36
4/10/1996,0.01
4/11/1996,0
4/12/1996,0
4/13/1996,0
4/14/1996,0.35
4/15/1996,0
4/16/1996,0.59
4/17/1996,0
4/18/1996,0
4/19/1996,0
4/20/1996,0
4/21/1996,0.21
4/22/1996,0
4/23/1996,0
4/24/1996,0.05
4/25/1996,0
4/26/1996,0
4/27/1996,0.29
4/28/1996,0
4/29/1996,0
4/30/1996,2.17
5/1/1996,0.57
5/2/1996,0
5/3/1996,0
5/4/1996,0
5/5/1996,0
5/6/1996,0.14
5/7/1996,0.07
5/8/1996,0
5/9/1996,0
5/10/1996,0
5/11/1996,0
5/12/1996,0.32
5/13/1996,0
5/14/1996,0.08
5/15/1996,0
5/16/1996,0.75
5/17/1996,0.4
5/18/1996,0
5/19/1996,0
5/20/1996,0
5/21/1996,0
5/22/1996,0
5/23/1996,0
5/24/1996,0
5/25/1996,0
5/26/1996,0
5/27/1996,0.05
5/28/1996,0.93
5/29/1996,0.02
5/30/1996,0.82
5/31/1996,0
6/1/1996,0
6/2/1996,0
6/3/1996,0
6/4/1996,0
6/5/1996,1.15
6/6/1996,0
6/7/1996,0
6/8/1996,0
6/9/1996,0.01
6/10/1996,1.13
6/11/1996,0
6/12/1996,0.45
6/13/1996,0.11
6/14/1996,0
6/15/1996,0
6/16/1996,0
6/17/1996,0
6/18/1996,0.08
6/19/1996,0
6/20/1996,0
6/21/1996,0.04
6/22/1996,0
6/23/1996,0
6/24/1996,0
6/25/1996,0
6/26/1996,0
6/27/1996,0
6/28/1996,0
6/29/1996,0
6/30/1996,0
7/1/1996,0
7/2/1996,0
7/3/1996,0.05
7/4/1996,0
7/5/1996,0
7/6/1996,0
7/7/1996,0
7/8/1996,0
7/9/1996,0.96
7/10/1996,0
7/11/1996,0
7/12/1996,0.21
7/13/1996,0.7
7/14/1996,0
7/15/1996,0.4
7/16/1996,0.13
7/17/1996,0
7/18/1996,0.01
7/19/1996,0
7/20/1996,0
7/21/1996,0
7/22/1996,0
7/23/1996,0
7/24/1996,0.03
7/25/1996,0.89
7/26/1996,0.55
7/27/1996,0
7/28/1996,0
7/29/1996,0.54
7/30/1996,0
7/31/1996,0.21
8/1/1996,0.74
8/2/1996,0.21
8/3/1996,0.84
8/4/1996,0.02
8/5/1996,0
8/6/1996,0
8/7/1996,0.28
8/8/1996,0.33
8/9/1996,0
8/10/1996,0.05
8/11/1996,0
8/12/1996,0
8/13/1996,0.57
8/14/1996,0
8/15/1996,0.02
8/16/1996,0
8/17/1996,0.03
8/18/1996,0
8/19/1996,0
8/20/1996,0
8/21/1996,0
8/22/1996,0.02
8/23/1996,0
8/24/1996,0
8/25/1996,0.34
8/26/1996,0
8/27/1996,0.03
8/28/1996,0
8/29/1996,0
8/30/1996,0
8/31/1996,0
9/1/1996,0
9/2/1996,0
9/3/1996,0.27
9/4/1996,0.9
9/5/1996,0.05
9/6/1996,6.64
9/7/1996,0.1
9/8/1996,0.03
9/9/1996,0.12
9/10/1996,0
9/11/1996,1.51
9/12/1996,0.44
9/13/1996,0
9/14/1996,0
9/15/1996,0
9/16/1996,0
9/17/1996,1.33
9/18/1996,0.36
9/19/1996,0
9/20/1996,0
9/21/1996,0
9/22/1996,0.09
9/23/1996,0
9/24/1996,0
9/25/1996,0
9/26/1996,0
9/27/1996,0.39
9/28/1996,0
9/29/1996,0.54
9/30/1996,0.06
10/1/1996,0
10/2/1996,0.18
10/3/1996,0
10/4/1996,0
10/5/1996,0
10/6/1996,0
10/7/1996,0
10/8/1996,2
10/9/1996,0.58
10/10/1996,0.01
10/11/1996,0
10/12/1996,0
10/13/1996,0
10/14/1996,0
10/15/1996,0
10/16/1996,0
10/17/1996,0
10/18/1996,0
10/19/1996,0.28
10/20/1996,0
10/21/1996,0
10/22/1996,0
10/23/1996,0
10/24/1996,0
10/25/1996,0
10/26/1996,0
10/27/1996,0.01
10/28/1996,0
10/29/1996,0
10/30/1996,0
10/31/1996,0
11/1/1996,0
11/2/1996,0.76
11/3/1996,0.04
11/4/1996,0
11/5/1996,0
11/6/1996,0.12
11/7/1996,0
11/8/1996,0.07
11/9/1996,0.96
11/10/1996,0
11/11/1996,0.02
11/12/1996,0
11/13/1996,0
11/14/1996,0
11/15/1996,0.01
11/16/1996,0
11/17/1996,0
11/18/1996,0
11/19/1996,0.22
11/20/1996,0
11/21/1996,0
11/22/1996,0.67
11/23/1996,0
11/24/1996,0
11/25/1996,0
11/26/1996,0.71
11/27/1996,0
11/28/1996,0
11/29/1996,0
11/30/1996,0
12/1/1996,0.35
12/2/1996,0.88
12/3/1996,0
12/4/1996,0
12/5/1996,0
12/6/1996,0.43
12/7/1996,0
12/8/1996,0.26
12/9/1996,0
12/10/1996,0
12/11/1996,0
12/12/1996,0.1
12/13/1996,0
12/14/1996,0.05
12/15/1996,0
12/16/1996,0
12/17/1996,0.02
12/18/1996,0.04
12/19/1996,0.67
12/20/1996,0.01
12/21/1996,0
12/22/1996,0
12/23/1996,0
12/24/1996,0
12/25/1996,0.18
12/26/1996,0
12/27/1996,0.43
12/28/1996,0
12/29/1996,0
12/30/1996,0
12/31/1996,0
1/1/1997,0.04
1/2/1997,0.19
1/3/1997,0
1/4/1997,0
1/5/1997,0
1/6/1997,0.02
1/7/1997,0
1/8/1997,0
1/9/1997,0.75
1/10/1997,0.55
1/11/1997,0.07
1/12/1997,0
1/13/1997,0
1/14/1997,0
1/15/1997,0
1/16/1997,0.63
1/17/1997,0
1/18/1997,0
1/19/1997,0
1/20/1997,0
1/21/1997,0
1/22/1997,0
1/23/1997,0.06
1/24/1997,0
1/25/1997,0.44
1/26/1997,0
1/27/1997,0
1/28/1997,0
1/29/1997,0.33
1/30/1997,0.07
1/31/1997,0.15
2/1/1997,0
2/2/1997,0
2/3/1997,0
2/4/1997,0
2/5/1997,0.02
2/6/1997,0.07
2/7/1997,0
2/8/1997,0.21
2/9/1997,0.27
2/10/1997,0
2/11/1997,0.04
2/12/1997,0
2/13/1997,0
2/14/1997,1.11
2/15/1997,0.82
2/16/1997,0.03
2/17/1997,0
2/18/1997,0
2/19/1997,0
2/20/1997,0
2/21/1997,0
2/22/1997,0.21
2/23/1997,0
2/24/1997,0
2/25/1997,0
2/26/1997,0
2/27/1997,0.03
2/28/1997,0.02
3/1/1997,0.12
3/2/1997,0
3/3/1997,0.09
3/4/1997,0.11
3/5/1997,0
3/6/1997,0.36
3/7/1997,0
3/8/1997,0
3/9/1997,0
3/10/1997,0
3/11/1997,0
3/12/1997,0
3/13/1997,0
3/14/1997,0.09
3/15/1997,0.93
3/16/1997,0
3/17/1997,0
3/18/1997,0
3/19/1997,0.82
3/20/1997,0.68
3/21/1997,0
3/22/1997,0
3/23/1997,0
3/24/1997,0
3/25/1997,0
3/26/1997,0.23
3/27/1997,0.02
3/28/1997,0
3/29/1997,0.1
3/30/1997,0
3/31/1997,0.1
4/1/1997,0
4/2/1997,0
4/3/1997,0
4/4/1997,0
4/5/1997,0
4/6/1997,0
4/7/1997,0.3
4/8/1997,0
4/9/1997,0
4/10/1997,0
4/11/1997,0
4/12/1997,0.03
4/13/1997,0.5
4/14/1997,0
4/15/1997,0
4/16/1997,0
4/17/1997,0
4/18/1997,0.01
4/19/1997,0
4/20/1997,0
4/21/1997,0
4/22/1997,1.03
4/23/1997,0.68
4/24/1997,0.19
4/25/1997,0
4/26/1997,0
4/27/1997,0.03
4/28/1997,0.85
4/29/1997,0.95
4/30/1997,0.07
5/1/1997,0
5/2/1997,0.59
5/3/1997,0
5/4/1997,0.28
5/5/1997,0
5/6/1997,0.02
5/7/1997,0
5/8/1997,0
5/9/1997,0.04
5/10/1997,0.01
5/11/1997,0
5/12/1997,0
5/13/1997,0.04
5/14/1997,0.08
5/15/1997,0
5/16/1997,0
5/17/1997,0
5/18/1997,0
5/19/1997,0
5/20/1997,0
5/21/1997,0.16
5/22/1997,0
5/23/1997,0
5/24/1997,0
5/25/1997,0
5/26/1997,0.3
5/27/1997,0.09
5/28/1997,0
5/29/1997,0
5/30/1997,0
5/31/1997,0
6/1/1997,0.03
6/2/1997,0.8
6/3/1997,0.49
6/4/1997,0.48
6/5/1997,0
6/6/1997,0.03
6/7/1997,0.3
6/8/1997,0
6/9/1997,0
6/10/1997,0
6/11/1997,0
6/12/1997,0
6/13/1997,0.24
6/14/1997,0
6/15/1997,0
6/16/1997,0
6/17/1997,0
6/18/1997,0.41
6/19/1997,0
6/20/1997,0
6/21/1997,0
6/22/1997,0
6/23/1997,0
6/24/1997,0
6/25/1997,0
6/26/1997,0
6/27/1997,0.78
6/28/1997,0.01
6/29/1997,0
6/30/1997,0
7/1/1997,0
7/2/1997,0.06
7/3/1997,0
7/4/1997,0
7/5/1997,0.18
7/6/1997,0
7/7/1997,0
7/8/1997,0.02
7/9/1997,0
7/10/1997,0
7/11/1997,0
7/12/1997,0
7/13/1997,0
7/14/1997,0
7/15/1997,0
7/16/1997,0
7/17/1997,0.28
7/18/1997,0
7/19/1997,0
7/20/1997,0
7/21/1997,0.37
7/22/1997,0
7/23/1997,0.73
7/24/1997,0.58
7/25/1997,2.91
7/26/1997,0
7/27/1997,0
7/28/1997,0
7/29/1997,0
7/30/1997,0
7/31/1997,0.22
8/1/1997,0
8/2/1997,0
8/3/1997,0
8/4/1997,0
8/5/1997,0.05
8/6/1997,0.01
8/7/1997,0
8/8/1997,0
8/9/1997,0
8/10/1997,0
8/11/1997,0
8/12/1997,0
8/13/1997,0
8/14/1997,0
8/15/1997,0
8/16/1997,0
8/17/1997,0
8/18/1997,0
8/19/1997,0
8/20/1997,0
8/21/1997,0.34
8/22/1997,0
8/23/1997,0
8/24/1997,0
8/25/1997,0
8/26/1997,0
8/27/1997,0
8/28/1997,0
8/29/1997,0
8/30/1997,0
8/31/1997,1.02
9/1/1997,0
9/2/1997,0.12
9/3/1997,0
9/4/1997,0
9/5/1997,0
9/6/1997,0
9/7/1997,0
9/8/1997,0
9/9/1997,0
9/10/1997,0.31
9/11/1997,0.92
9/12/1997,0.01
9/13/1997,0
9/14/1997,0
9/15/1997,0.01
9/16/1997,0
9/17/1997,0
9/18/1997,0
9/19/1997,0
9/20/1997,0
9/21/1997,0
9/22/1997,0
9/23/1997,0
9/24/1997,0
9/25/1997,1.06
9/26/1997,0.01
9/27/1997,0
9/28/1997,0.11
9/29/1997,0.04
9/30/1997,0
10/1/1997,0
10/2/1997,0
10/3/1997,0
10/4/1997,0
10/5/1997,0
10/6/1997,0
10/7/1997,0
10/8/1997,0
10/9/1997,0
10/10/1997,0
10/11/1997,0
10/12/1997,0
10/13/1997,0
10/14/1997,0
10/15/1997,0.69
10/16/1997,0.06
10/17/1997,0.01
10/18/1997,0.04
10/19/1997,0.61
10/20/1997,0.38
10/21/1997,0
10/22/1997,0.07
10/23/1997,0
10/24/1997,0
10/25/1997,0
10/26/1997,0.01
10/27/1997,0.37
10/28/1997,0
10/29/1997,0
10/30/1997,0
10/31/1997,0
11/1/1997,0.85
11/2/1997,0.27
11/3/1997,0
11/4/1997,0
11/5/1997,0
11/6/1997,0
11/7/1997,0.06
11/8/1997,0.07
11/9/1997,0
11/10/1997,0
11/11/1997,0
11/12/1997,0
11/13/1997,0.52
11/14/1997,1.3
11/15/1997,0.01
11/16/1997,0
11/17/1997,0
11/18/1997,0
11/19/1997,0
11/20/1997,0
11/21/1997,0
11/22/1997,0.86
11/23/1997,0
11/24/1997,0
11/25/1997,0
11/26/1997,0
11/27/1997,0
11/28/1997,0
11/29/1997,0
11/30/1997,0.23
12/1/1997,0.33
12/2/1997,0.05
12/3/1997,0
12/4/1997,0.09
12/5/1997,0
12/6/1997,0
12/7/1997,0
12/8/1997,0
12/9/1997,0.07
12/10/1997,0.02
12/11/1997,0.41
12/12/1997,0
12/13/1997,0
12/14/1997,0
12/15/1997,0
12/16/1997,0
12/17/1997,0
12/18/1997,0
12/19/1997,0
12/20/1997,0
12/21/1997,0
12/22/1997,0.42
12/23/1997,0.47
12/24/1997,0
12/25/1997,0.49
12/26/1997,0
12/27/1997,0.45
12/28/1997,0.36
12/29/1997,0
12/30/1997,0.15
12/31/1997,0
1/1/1998,0
1/2/1998,0
1/3/1998,0
1/4/1998,0
1/5/1998,0
1/6/1998,0.09
1/7/1998,0.11
1/8/1998,0.69
1/9/1998,0.49
1/10/1998,0
1/11/1998,0
1/12/1998,0
1/13/1998,0.01
1/14/1998,0.03
1/15/1998,0.07
1/16/1998,1.1
1/17/1998,1.59
1/18/1998,0.04
1/19/1998,0.33
1/20/1998,0.65
1/21/1998,0
1/22/1998,0
1/23/1998,0.81
1/24/1998,0.72
1/25/1998,0.06
1/26/1998,0
1/27/1998,0.02
1/28/1998,1.63
1/29/1998,0.15
1/30/1998,0
1/31/1998,0
2/1/1998,0
2/2/1998,0
2/3/1998,0
2/4/1998,1.88
2/5/1998,0.53
2/6/1998,0.02
2/7/1998,0.02
2/8/1998,0.03
2/9/1998,0
2/10/1998,0
2/11/1998,0
2/12/1998,0.22
2/13/1998,0
2/14/1998,0
2/15/1998,0
2/16/1998,0
2/17/1998,1.61
2/18/1998,0.02
2/19/1998,0
2/20/1998,0
2/21/1998,0
2/22/1998,0
2/23/1998,0.45
2/24/1998,0.07
2/25/1998,0
2/26/1998,0
2/27/1998,0
2/28/1998,0
3/1/1998,0.05
3/2/1998,0
3/3/1998,0.03
3/4/1998,0
3/5/1998,0
3/6/1998,0
3/7/1998,0
3/8/1998,0.52
3/9/1998,2.52
3/10/1998,0.04
3/11/1998,0
3/12/1998,0
3/13/1998,0
3/14/1998,0
3/15/1998,0
3/16/1998,0
3/17/1998,0.01
3/18/1998,1.02
3/19/1998,2.12
3/20/1998,0.07
3/21/1998,1.07
3/22/1998,0.12
3/23/1998,0
3/24/1998,0
3/25/1998,0
3/26/1998,0
3/27/1998,0
3/28/1998,0
3/29/1998,0
3/30/1998,0
3/31/1998,0
4/1/1998,0
4/2/1998,0.25
4/3/1998,0
4/4/1998,0.73
4/5/1998,0
4/6/1998,0
4/7/1998,0
4/8/1998,0
4/9/1998,0.91
4/10/1998,0.12
4/11/1998,0.15
4/12/1998,0
4/13/1998,0
4/14/1998,0
4/15/1998,0.2
4/16/1998,0
4/17/1998,0.3
4/18/1998,0.09
4/19/1998,0.03
4/20/1998,0.45
4/21/1998,0
4/22/1998,0
4/23/1998,0.15
4/24/1998,0.07
4/25/1998,0
4/26/1998,0
4/27/1998,0
4/28/1998,0.1
4/29/1998,0
4/30/1998,0
5/1/1998,0.07
5/2/1998,0.33
5/3/1998,0
5/4/1998,0.28
5/5/1998,0
5/6/1998,0
5/7/1998,0
5/8/1998,0.6
5/9/1998,0.06
5/10/1998,0
5/11/1998,0.73
5/12/1998,0
5/13/1998,0
5/14/1998,0
5/15/1998,0
5/16/1998,0
5/17/1998,0
5/18/1998,0
5/19/1998,0
5/20/1998,0
5/21/1998,0
5/22/1998,0
5/23/1998,0.29
5/24/1998,1.31
5/25/1998,0.12
5/26/1998,0
5/27/1998,0.18
5/28/1998,0
5/29/1998,0
5/30/1998,0
5/31/1998,0.02
6/1/1998,0
6/2/1998,0
6/3/1998,0
6/4/1998,0.26
6/5/1998,0.29
6/6/1998,0.33
6/7/1998,0.18
6/8/1998,0
6/9/1998,0
6/10/1998,0.06
6/11/1998,0
6/12/1998,0
6/13/1998,0.03
6/14/1998,0
6/15/1998,0.97
6/16/1998,0.13
6/17/1998,0
6/18/1998,0
6/19/1998,0
6/20/1998,0
6/21/1998,0
6/22/1998,0
6/23/1998,0
6/24/1998,0.91
6/25/1998,0
6/26/1998,0
6/27/1998,0
6/28/1998,0
6/29/1998,0.01
6/30/1998,0.02
7/1/1998,0.05
7/2/1998,0
7/3/1998,0
7/4/1998,0
7/5/1998,0.34
7/6/1998,0
7/7/1998,0
7/8/1998,0
7/9/1998,0.43
7/10/1998,0.08
7/11/1998,0
7/12/1998,0
7/13/1998,0
7/14/1998,0
7/15/1998,0
7/16/1998,0
7/17/1998,0.48
7/18/1998,0.14
7/19/1998,0
7/20/1998,0
7/21/1998,0
7/22/1998,0
7/23/1998,0.02
7/24/1998,0
7/25/1998,0.04
7/26/1998,1.35
7/27/1998,0
7/28/1998,0.19
7/29/1998,0
7/30/1998,0
7/31/1998,0.17
8/1/1998,0
8/2/1998,0
8/3/1998,0
8/4/1998,0
8/5/1998,0
8/6/1998,0
8/7/1998,0
8/8/1998,0.06
8/9/1998,0
8/10/1998,0.67
8/11/1998,0.23
8/12/1998,0
8/13/1998,0
8/14/1998,0
8/15/1998,0
8/16/1998,0
8/17/1998,0.24
8/18/1998,0
8/19/1998,0
8/20/1998,0
8/21/1998,0
8/22/1998,0
8/23/1998,0
8/24/1998,0
8/25/1998,0
8/26/1998,0
8/27/1998,1.09
8/28/1998,0.09
8/29/1998,0
8/30/1998,0.02
8/31/1998,0
9/1/1998,0
9/2/1998,0
9/3/1998,0
9/4/1998,2.39
9/5/1998,0.03
9/6/1998,0
9/7/1998,0
9/8/1998,0
9/9/1998,0.25
9/10/1998,0
9/11/1998,0
9/12/1998,0
9/13/1998,0
9/14/1998,0
9/15/1998,0
9/16/1998,0
9/17/1998,0
9/18/1998,0
9/19/1998,0
9/20/1998,0
9/21/1998,0
9/22/1998,0
9/23/1998,0
9/24/1998,0
9/25/1998,0
9/26/1998,0
9/27/1998,0
9/28/1998,0
9/29/1998,0
9/30/1998,0.43
10/1/1998,0.03
10/2/1998,0
10/3/1998,0
10/4/1998,0
10/5/1998,0.31
10/6/1998,0
10/7/1998,0
10/8/1998,0.03
10/9/1998,2.02
10/10/1998,0
10/11/1998,0
10/12/1998,0
10/13/1998,0
10/14/1998,0
10/15/1998,0
10/16/1998,0
10/17/1998,0
10/18/1998,0
10/19/1998,0
10/20/1998,0.13
10/21/1998,0
10/22/1998,0
10/23/1998,0
10/24/1998,0
10/25/1998,0
10/26/1998,0
10/27/1998,0
10/28/1998,0
10/29/1998,0
10/30/1998,0
10/31/1998,0
11/1/1998,0
11/2/1998,0
11/3/1998,0.96
11/4/1998,0.48
11/5/1998,0.01
11/6/1998,0
11/7/1998,0
11/8/1998,0
11/9/1998,0
11/10/1998,0
11/11/1998,0
11/12/1998,0.07
11/13/1998,0
11/14/1998,0
11/15/1998,0.3
11/16/1998,0
11/17/1998,0.71
11/18/1998,0
11/19/1998,0
11/20/1998,0
11/21/1998,0
11/22/1998,0
11/23/1998,0
11/24/1998,0
11/25/1998,0
11/26/1998,0.23
11/27/1998,0
11/28/1998,0
11/29/1998,0
11/30/1998,0
12/1/1998,0
12/2/1998,0
12/3/1998,0
12/4/1998,0
12/5/1998,0
12/6/1998,0
12/7/1998,0
12/8/1998,0
12/9/1998,0.15
12/10/1998,0
12/11/1998,0
12/12/1998,0
12/13/1998,0.89
12/14/1998,0.47
12/15/1998,0
12/16/1998,0.62
12/17/1998,0
12/18/1998,0
12/19/1998,0
12/20/1998,0.03
12/21/1998,0
12/22/1998,0
12/23/1998,0
12/24/1998,0.95
12/25/1998,0.71
12/26/1998,0
12/27/1998,0
12/28/1998,0
12/29/1998,0.03
12/30/1998,0.02
12/31/1998,0
1/1/1999,0
1/2/1999,0
1/3/1999,1.78
1/4/1999,0
1/5/1999,0
1/6/1999,0
1/7/1999,0
1/8/1999,0
1/9/1999,0.03
1/10/1999,0.06
1/11/1999,0
1/12/1999,0
1/13/1999,0
1/14/1999,0
1/15/1999,1.02
1/16/1999,0
1/17/1999,0
1/18/1999,0.54
1/19/1999,0
1/20/1999,0
1/21/1999,0
1/22/1999,0
1/23/1999,0
1/24/1999,1.64
1/25/1999,0.43
1/26/1999,0
1/27/1999,0
1/28/1999,0
1/29/1999,0
1/30/1999,0
1/31/1999,0
2/1/1999,0
2/2/1999,0.52
2/3/1999,0
2/4/1999,0
2/5/1999,0.03
2/6/1999,0
2/7/1999,0
2/8/1999,0
2/9/1999,0
2/10/1999,0
2/11/1999,0
2/12/1999,0
2/13/1999,0.23
2/14/1999,0
2/15/1999,0
2/16/1999,0
2/17/1999,0
2/18/1999,0.66
2/19/1999,0.07
2/20/1999,0.38
2/21/1999,0
2/22/1999,0
2/23/1999,0
2/24/1999,0
2/25/1999,0
2/26/1999,0
2/27/1999,0
2/28/1999,0
3/1/1999,0.15
3/2/1999,0
3/3/1999,0
3/4/1999,0.24
3/5/1999,0
3/6/1999,0
3/7/1999,0
3/8/1999,0
3/9/1999,0
3/10/1999,0.15
3/11/1999,0
3/12/1999,0
3/13/1999,0
3/14/1999,0.07
3/15/1999,1.23
3/16/1999,0
3/17/1999,0
3/18/1999,0
3/19/1999,0
3/20/1999,0
3/21/1999,0.4
3/22/1999,0.87
3/23/1999,0
3/24/1999,0
3/25/1999,0.03
3/26/1999,0.31
3/27/1999,0.15
3/28/1999,0
3/29/1999,0
3/30/1999,0
3/31/1999,0
4/1/1999,0
4/2/1999,0.53
4/3/1999,0
4/4/1999,0
4/5/1999,0
4/6/1999,0
4/7/1999,0
4/8/1999,0
4/9/1999,0.02
4/10/1999,0
4/11/1999,1.22
4/12/1999,0
4/13/1999,0
4/14/1999,0
4/15/1999,0
4/16/1999,0.04
4/17/1999,0
4/18/1999,0
4/19/1999,0
4/20/1999,0
4/21/1999,0
4/22/1999,0
4/23/1999,0
4/24/1999,0
4/25/1999,0
4/26/1999,0
4/27/1999,0.02
4/28/1999,0.12
4/29/1999,0.53
4/30/1999,1.06
5/1/1999,0
5/2/1999,0
5/3/1999,0
5/4/1999,0
5/5/1999,0
5/6/1999,0
5/7/1999,0
5/8/1999,0
5/9/1999,0
5/10/1999,0
5/11/1999,0
5/12/1999,0
5/13/1999,0
5/14/1999,0.33
5/15/1999,0.3
5/16/1999,0
5/17/1999,0
5/18/1999,0
5/19/1999,0
5/20/1999,0
5/21/1999,0
5/22/1999,0
5/23/1999,0.25
5/24/1999,0
5/25/1999,0
5/26/1999,0.02
5/27/1999,0.04
5/28/1999,0
5/29/1999,0
5/30/1999,0
5/31/1999,0
6/1/1999,0
6/2/1999,0
6/3/1999,0
6/4/1999,0
6/5/1999,0
6/6/1999,0
6/7/1999,0
6/8/1999,0
6/9/1999,0
6/10/1999,0
6/11/1999,0
6/12/1999,0
6/13/1999,0.04
6/14/1999,0.25
6/15/1999,0.22
6/16/1999,0.02
6/17/1999,0.78
6/18/1999,0.01
6/19/1999,0
6/20/1999,0
6/21/1999,0.06
6/22/1999,0
6/23/1999,0
6/24/1999,0
6/25/1999,0.07
6/26/1999,0
6/27/1999,0
6/28/1999,0
6/29/1999,0
6/30/1999,0
7/1/1999,0
7/2/1999,0.05
7/3/1999,0
7/4/1999,0
7/5/1999,0
7/6/1999,0
7/7/1999,0
7/8/1999,0
7/9/1999,0
7/10/1999,0
7/11/1999,0.04
7/12/1999,0.54
7/13/1999,0.11
7/14/1999,1.2
7/15/1999,0.16
7/16/1999,0
7/17/1999,0
7/18/1999,0
7/19/1999,0
7/20/1999,0
7/21/1999,0
7/22/1999,0.01
7/23/1999,0
7/24/1999,0
7/25/1999,0.37
7/26/1999,0
7/27/1999,0
7/28/1999,0
7/29/1999,0.05
7/30/1999,0
7/31/1999,0
8/1/1999,0
8/2/1999,0
8/3/1999,0
8/4/1999,0
8/5/1999,0
8/6/1999,0
8/7/1999,0
8/8/1999,0.11
8/9/1999,0.06
8/10/1999,0
8/11/1999,0
8/12/1999,0
8/13/1999,0
8/14/1999,0
8/15/1999,1.85
8/16/1999,0
8/17/1999,0
8/18/1999,0.19
8/19/1999,0
8/20/1999,0
8/21/1999,0.68
8/22/1999,0
8/23/1999,0
8/24/1999,0
8/25/1999,0.06
8/26/1999,1.41
8/27/1999,0.57
8/28/1999,0
8/29/1999,0
8/30/1999,0
8/31/1999,0
9/1/1999,0
9/2/1999,0
9/3/1999,0
9/4/1999,0
9/5/1999,3.44
9/6/1999,2.52
9/7/1999,1.76
9/8/1999,0
9/9/1999,0
9/10/1999,1.48
9/11/1999,0
9/12/1999,0
9/13/1999,0
9/14/1999,0
9/15/1999,1.36
9/16/1999,6.16
9/17/1999,0.1
9/18/1999,0
9/19/1999,0
9/20/1999,0
9/21/1999,0.04
9/22/1999,0.92
9/23/1999,0
9/24/1999,0
9/25/1999,0
9/26/1999,0
9/27/1999,0.34
9/28/1999,1.19
9/29/1999,0.97
9/30/1999,0.69
10/1/1999,
10/2/1999,
10/3/1999,
10/4/1999,
10/5/1999,
10/6/1999,
10/7/1999,
10/8/1999,
10/9/1999,
10/10/1999,
10/11/1999,
10/12/1999,
10/13/1999,
10/14/1999,
10/15/1999,
10/16/1999,
10/17/1999,
10/18/1999,
10/19/1999,
10/20/1999,
10/21/1999,
10/22/1999,
10/23/1999,
10/24/1999,
10/25/1999,
10/26/1999,
10/27/1999,
10/28/1999,
10/29/1999,
10/30/1999,
10/31/1999,
10/31/1999,
11/1/1999,
11/2/1999,
11/3/1999,
11/4/1999,
11/5/1999,
11/6/1999,
11/7/1999,
11/8/1999,
11/9/1999,
11/10/1999,
11/11/1999,
11/12/1999,
11/13/1999,
11/14/1999,
11/15/1999,
11/16/1999,
11/17/1999,
11/18/1999,
11/19/1999,
11/20/1999,
11/21/1999,
11/22/1999,
11/23/1999,
11/24/1999,
11/25/1999,
